index,name,elf_va,size,type,binding,section_index
0,,0x00000000,0,0,0,0
1,getpagesize,0x00000000,0,2,1,0
2,fputs,0x00000000,0,2,1,0
3,abort,0x00000000,0,2,1,0
4,__errno_location,0x00000000,0,2,1,0
5,open,0x00000000,0,2,1,0
6,mmap,0x00000000,0,2,1,0
7,ffs,0x00000000,0,2,1,0
8,drmBOUnmap,0x00000000,0,2,1,0
9,strerror,0x00000000,0,2,1,0
10,XML_ParserCreate,0x00000000,0,2,1,0
11,bsearch,0x00000000,0,2,1,0
12,drmFenceSignaled,0x00000000,0,2,1,0
13,__fprintf_chk,0x00000000,0,2,1,0
14,__gmon_start__,0x00000000,0,0,2,0
15,_Jv_RegisterClasses,0x00000000,0,0,2,0
16,sched_yield,0x00000000,0,2,1,0
17,__progname,0x00000000,0,1,1,0
18,__printf_chk,0x00000000,0,2,1,0
19,strtod,0x00000000,0,2,1,0
20,strchr,0x00000000,0,2,1,0
21,getenv,0x00000000,0,2,1,0
22,calloc,0x00000000,0,2,1,0
23,strncpy,0x00000000,0,2,1,0
24,putchar,0x00000000,0,2,1,0
25,pow,0x00000000,0,2,1,0
26,dlclose,0x00000000,0,2,1,0
27,drmFreeVersion,0x00000000,0,2,1,0
28,XML_GetErrorCode,0x00000000,0,2,1,0
29,XML_SetUserData,0x00000000,0,2,1,0
30,memset,0x00000000,0,2,1,0
31,__memcpy_chk,0x00000000,0,2,1,0
32,drmBOMap,0x00000000,0,2,1,0
33,_glapi_get_dispatch_table_size,0x00000000,0,0,1,0
34,frexpf,0x00000000,0,2,1,0
35,__assert_fail,0x00000000,0,2,1,0
36,__vsnprintf_chk,0x00000000,0,2,1,0
37,XML_GetCurrentColumnNumber,0x00000000,0,2,1,0
38,read,0x00000000,0,2,1,0
39,usleep,0x00000000,0,2,1,0
40,strtol,0x00000000,0,2,1,0
41,free,0x00000000,0,2,1,0
42,drmUnlock,0x00000000,0,2,1,0
43,dlsym,0x00000000,0,2,1,0
44,__vfprintf_chk,0x00000000,0,2,1,0
45,drmBOUnreference,0x00000000,0,2,1,0
46,pthread_mutex_unlock,0x00000000,0,2,1,0
47,drmBOWaitIdle,0x00000000,0,2,1,0
48,__vsprintf_chk,0x00000000,0,2,1,0
49,fclose,0x00000000,0,2,1,0
50,_setjmp,0x00000000,0,2,1,0
51,XML_ParseBuffer,0x00000000,0,2,1,0
52,_glapi_get_dispatch,0x00000000,0,0,1,0
53,stderr,0x00000000,0,1,1,0
54,memcpy,0x00000000,0,2,1,0
55,fopen,0x00000000,0,2,1,0
56,pthread_mutex_destroy,0x00000000,0,2,1,0
57,drmCloseOnce,0x00000000,0,2,1,0
58,_glapi_Dispatch,0x00000000,0,0,1,0
59,strcpy,0x00000000,0,2,1,0
60,dlopen,0x00000000,0,2,1,0
61,longjmp,0x00000000,0,2,1,0
62,XML_GetCurrentLineNumber,0x00000000,0,2,1,0
63,pthread_mutex_init,0x00000000,0,2,1,0
64,drmCommandWriteRead,0x00000000,0,2,1,0
65,drmFenceWait,0x00000000,0,2,1,0
66,close,0x00000000,0,2,1,0
67,fwrite,0x00000000,0,2,1,0
68,_glapi_get_context,0x00000000,0,0,1,0
69,strstr,0x00000000,0,2,1,0
70,strncat,0x00000000,0,2,1,0
71,malloc,0x00000000,0,2,1,0
72,drmBOSetStatus,0x00000000,0,2,1,0
73,pthread_mutex_lock,0x00000000,0,2,1,0
74,_glapi_add_dispatch,0x00000000,0,0,1,0
75,XML_ErrorString,0x00000000,0,2,1,0
76,__stack_chk_fail,0x00000000,0,2,1,0
77,fputc,0x00000000,0,2,1,0
78,program_invocation_short_name,0x00000000,0,1,1,0
79,memmove,0x00000000,0,2,1,0
80,XML_ParserFree,0x00000000,0,2,1,0
81,drmFenceUnreference,0x00000000,0,2,1,0
82,drmBOReference,0x00000000,0,2,1,0
83,XML_SetElementHandler,0x00000000,0,2,1,0
84,puts,0x00000000,0,2,1,0
85,drmGetVersion,0x00000000,0,2,1,0
86,_glapi_set_warning_func,0x00000000,0,0,1,0
87,XML_Parse,0x00000000,0,2,1,0
88,_glapi_set_context,0x00000000,0,0,1,0
89,XML_GetBuffer,0x00000000,0,2,1,0
90,strspn,0x00000000,0,2,1,0
91,_glapi_noop_enable_warnings,0x00000000,0,0,1,0
92,__sprintf_chk,0x00000000,0,2,1,0
93,strncmp,0x00000000,0,2,1,0
94,drmBOCreate,0x00000000,0,2,1,0
95,posix_memalign,0x00000000,0,2,1,0
96,drmUnmap,0x00000000,0,2,1,0
97,strcmp,0x00000000,0,2,1,0
98,__cxa_finalize,0x00000000,0,2,2,0
99,drmGetLock,0x00000000,0,2,1,0
100,exit,0x00000000,0,2,1,0
101,_glapi_Context,0x00000000,0,0,1,0
102,drmWaitVBlank,0x00000000,0,2,1,0
103,drmCommandWrite,0x00000000,0,2,1,0
104,_glapi_set_dispatch,0x00000000,0,0,1,0
105,_mesa_texformat_rgba_fxt1,0x002b4d60,60,1,1,19
106,_swrast_select_triangle,0x001ac511,149,2,1,11
107,_tnl_vertex_cull_stage,0x002b5154,24,1,1,19
108,_mesa_noop_Materialfv,0x0016a160,291,2,1,11
109,_mesa_CompressedTexSubImage3DARB,0x000b3978,629,2,1,11
110,slang_function_scope_destruct,0x00150e6c,89,2,1,11
111,_tnl_render_tab_verts,0x002bb540,44,1,1,23
112,_mesa_lookup_framebuffer,0x000743f4,56,2,1,11
113,_mesa_texstore_rgba_float16,0x000beaa9,526,2,1,11
114,_mesa_set_renderbuffer_attachment,0x00073d33,86,2,1,11
115,_mesa_GetProgramStringARB,0x000fd07a,256,2,1,11
116,_mesa_Uniform4ivARB,0x0018e842,81,2,1,11
117,_math_init_translate,0x0019a52d,1650,2,1,11
118,_mesa_select_tex_image,0x000b15f2,356,2,1,11
119,_swrast_z_to_fogfactor,0x001ae69b,278,2,1,11
120,x86_mul,0x0014c6b1,148,2,1,11
121,_mesa_texformat_luminance_float32,0x002b9aa0,60,1,1,19
122,_mesa_texstore_rgb888,0x000c15aa,1080,2,1,11
123,_mesa_format_to_type_and_comps,0x000af3ff,741,2,1,11
124,_mesa_bsearch,0x00090739,63,2,1,11
125,_swrast_read_rgba_span,0x00123177,406,2,1,11
126,_mesa_combine_programs,0x001070ef,765,2,1,11
127,_mesa_BufferSubDataARB,0x00054989,167,2,1,11
128,_mesa_unmap_readpix_pbo,0x0005412f,44,2,1,11
129,_mesa_texformat_intensity_float32,0x002b9ba0,60,1,1,19
130,slang_type_specifier_dtr,0x00157665,88,2,1,11
131,_mesa_print_instruction,0x001bc722,59,2,1,11
132,_mesa_destroy_framebuffer,0x0007b538,56,2,1,11
133,_mesa_GenerateMipmapEXT,0x00072f01,338,2,1,11
134,_mesa_DeleteProgram,0x0018f37e,70,2,1,11
135,_mesa_image_address1d,0x00083ded,102,2,1,11
136,_swrast_clear_stencil_buffer,0x00125e69,1447,2,1,11
137,_mesa_init_extensions,0x00072139,64,2,1,11
138,_mesa_DrawBuffer,0x00170202,331,2,1,11
139,vbo_exec_init,0x000ccc38,171,2,1,11
140,_mesa_GetIntegerv,0x00178010,29642,2,1,11
141,_mesa_unpack_color_span_float,0x0008ee7d,1284,2,1,11
142,_mesa_ConvolutionFilter1D,0x00059fc8,829,2,1,11
143,_swrast_write_zoomed_index_span,0x001491b2,56,2,1,11
144,_mesa_GetMinmaxParameterfv,0x0007d557,262,2,1,11
145,_mesa_remove_output_reads,0x0010fff8,821,2,1,11
146,_math_transposefd,0x000c8c64,105,2,1,11
147,_mesa_Bitmap,0x00173490,768,2,1,11
148,_mesa_texformat_luminance_alpha_float16,0x002b9b60,60,1,1,19
149,_mesa_Translated,0x0009495b,49,2,1,11
150,_mesa_calloc,0x00090b11,43,2,1,11
151,_mesa_Scaled,0x00094a33,49,2,1,11
152,_mesa_Translatef,0x000948b4,167,2,1,11
153,_mesa_Scalef,0x0009498c,167,2,1,11
154,_swrast_Line,0x00117fe2,40,2,1,11
155,_mesa_LightModelf,0x00092971,42,2,1,11
156,_slang_simplify,0x0015632f,2059,2,1,11
157,_mesa_TexCoordPointer,0x000c3bae,459,2,1,11
158,_mesa_LightModeli,0x00092a37,42,2,1,11
159,_mesa_HashWalk,0x0007c010,194,2,1,11
160,_mesa_AttachObjectARB,0x0018f5e3,66,2,1,11
161,_mesa_PointParameterfv,0x0009eeb7,1356,2,1,11
162,x87_fild,0x0014ae99,46,2,1,11
163,_mesa_LoadTransposeMatrixdARB,0x00094d5c,63,2,1,11
164,_mesa_PixelMapfv,0x0009de46,494,2,1,11
165,_mesa_PolygonStipple,0x0009fd71,162,2,1,11
166,_mesa_GetVertexAttribivNV,0x00102753,567,2,1,11
167,_mesa_free_shader,0x00112c40,100,2,1,11
168,_mesa_free_query_data,0x0009fe4c,78,2,1,11
169,_mesa_dotprod_tab,0x002d46b4,20,1,1,24
170,mesa_print_display_list,0x0005f3a7,2917,2,1,11
171,_mesa_get_tex_image,0x000b47a1,163,2,1,11
172,_mesa_EdgeFlagPointerEXT,0x000c3b84,42,2,1,11
173,_swrast_choose_point,0x0011ffd5,226,2,1,11
174,_mesa_render_texture,0x000b9525,462,2,1,11
175,_mesa_buffer_get_subdata,0x00054ee8,85,2,1,11
176,_mesa_HashPrint,0x0007c3f4,151,2,1,11
177,_mesa_GenPrograms,0x000fd395,236,2,1,11
178,_mesa_delete_list,0x0006b0d8,884,2,1,11
179,_mesa_MultiModeDrawElementsIBM,0x000c300a,202,2,1,11
180,_slang_function_scope_ctr,0x00150a50,28,2,1,11
181,_mesa_ClearStencil,0x000a6194,173,2,1,11
182,_slang_operation_swap,0x00150f8c,198,2,1,11
183,_mesa_add_unnamed_constant,0x0010dec8,342,2,1,11
184,_mesa_add_named_parameter,0x0010e0fe,89,2,1,11
185,_mesa_image_address2d,0x00083b1a,100,2,1,11
186,_mesa_TexGendv,0x00193003,99,2,1,11
187,_mesa_pack_polygon_stipple,0x00083d34,185,2,1,11
188,_mesa_init_exec_vtxfmt,0x000c50c0,62,2,1,11
189,_vbo_CreateContext,0x000cc8fc,667,2,1,11
190,_mesa_ConvolutionFilter2D,0x0005a91c,1046,2,1,11
191,_mesa_init_instructions,0x0010c3b7,232,2,1,11
192,_mesa_unmap_drapix_pbo,0x000540c5,44,2,1,11
193,_mesa_IsProgram,0x0018ee3c,59,2,1,11
194,_mesa_GetSeparableFilter,0x0005a305,841,2,1,11
195,_mesa_enable_1_4_extensions,0x00072047,120,2,1,11
196,_swrast_BlitFramebuffer,0x001ab1af,4812,2,1,11
197,_mesa_make_extension_string,0x00072179,221,2,1,11
198,_mesa_init_vertex_program,0x00107c20,41,2,1,11
199,_mesa_num_inst_src_regs,0x0010c224,29,2,1,11
200,_slang_label_add_reference,0x001ba8d5,134,2,1,11
201,_mesa_GetVertexAttribfvARB,0x000fc54d,663,2,1,11
202,_swrast_write_rgba_span,0x00124e0a,3562,2,1,11
203,_mesa_lookup_parameter_index,0x0010d7d1,227,2,1,11
204,_mesa_HashInsert,0x0007c659,291,2,1,11
205,_mesa_texformat_rgba5551,0x002b9ee0,60,1,1,19
206,_vbo_DestroyContext,0x000cc850,103,2,1,11
207,_mesa_RequestResidentProgramsNV,0x0010302a,246,2,1,11
208,slang_info_log_memory,0x001531be,78,2,1,11
209,_mesa_WindowPos2fvMESA,0x000a1198,49,2,1,11
210,vf_destroy,0x000d80c0,103,2,1,11
211,_tnl_InvalidateState,0x000e1328,627,2,1,11
212,_mesa_texstore_rgba_float32,0x000becb7,502,2,1,11
213,_tnl_texgen_stage,0x002b50d0,24,1,1,19
214,x87_fucomp,0x0014bbc0,106,2,1,11
215,_mesa_material_bitmask,0x00092038,321,2,1,11
216,slang_storage_array_construct,0x00156b40,33,2,1,11
217,sse_andps,0x0014b2bc,51,2,1,11
218,_slang_code_object_ctr,0x0015077f,121,2,1,11
219,vbo_exec_array_destroy,0x000d1068,5,2,1,11
220,_mesa_PopMatrix,0x00094eae,251,2,1,11
221,_mesa_dest_buffer_exists,0x0007a721,397,2,1,11
222,_mesa_clip_drawpixels,0x00082045,334,2,1,11
223,_swrast_choose_line,0x0011dfa8,312,2,1,11
224,_mesa_dlopen,0x00173465,43,2,1,11
225,_slang_preprocess_version,0x0015384a,214,2,1,11
226,_mesa_update_color_material,0x00090f72,112,2,1,11
227,_mesa_free,0x000909e4,35,2,1,11
228,_mesa_find_line_column,0x00107d21,159,2,1,11
229,_mesa_select_tex_object,0x000b3512,658,2,1,11
230,_mesa_GetVertexAttribPointervARB,0x000fc49a,179,2,1,11
231,_mesa_copy_tab,0x002d4740,64,1,1,24
232,_mesa_clip_to_region,0x00082247,109,2,1,11
233,slang_variable_scope_copy,0x00151e7d,275,2,1,11
234,_mesa_ColorMask,0x0016ef93,284,2,1,11
235,_mesa_image_address3d,0x00083ab7,99,2,1,11
236,_mesa_Uniform4iARB,0x0018eaca,106,2,1,11
237,slang_type_specifier_copy,0x001576e3,318,2,1,11
238,_mesa_save_CallLists,0x0006ce1d,209,2,1,11
239,_mesa_texformat_luminance_alpha_float32,0x002b9b20,60,1,1,19
240,_mesa_new_depthstencil_renderbuffer,0x000a391f,73,2,1,11
241,clip_pipe_invalidate,0x000ddf0b,22,2,1,11
242,_mesa_get_current_context,0x0005591b,29,2,1,11
243,_mesa_free_texture_image_data,0x000b7c54,64,2,1,11
244,_mesa_begin_query,0x0009fe20,5,2,1,11
245,_mesa_buffer_map,0x00053ff0,25,2,1,11
246,_mesa_WindowPos2ivMESA,0x000a1167,49,2,1,11
247,_mesa_NewHashTable,0x0007c83d,75,2,1,11
248,_mesa_base_fbo_format,0x000726da,280,2,1,11
249,_mesa_DummyProgram,0x002d4780,4568,1,1,24
250,_swrast_GetDeviceDriverReference,0x001180f7,14,2,1,11
251,_mesa_GetProgramLocalParameterfvARB,0x000fb920,297,2,1,11
252,_mesa_update_shader_textures_used,0x00112427,304,2,1,11
253,_mesa_vector4f_init,0x0019abf1,46,2,1,11
254,_mesa_init_attrib,0x0016ac08,28,2,1,11
255,_mesa_StencilFunc,0x000a5d8b,578,2,1,11
256,_mesa_IsQueryARB,0x000a063e,111,2,1,11
257,_slang_lookup_constant,0x001562bc,115,2,1,11
258,_mesa_ColorMaterial,0x0009255b,316,2,1,11
259,perm,0x002c9780,512,1,1,23
260,clip_pipe_validate_state,0x000de0f9,359,2,1,11
261,_mesa_restore_exec_vtxfmt,0x000c5111,61,2,1,11
262,_slang_copy_ir_storage,0x001b9efa,76,2,1,11
263,_mesa_free_context_data,0x00056a9f,559,2,1,11
264,clip_pipe_set_hw_render,0x000ddef0,5,2,1,11
265,vbo_save_EndList,0x000d701f,210,2,1,11
266,_mesa_UniformMatrix3x2fv,0x0018e5ef,119,2,1,11
267,_slang_swizzle_swizzle,0x001b6519,103,2,1,11
268,_tnl_program_string,0x000e270b,5,2,1,11
269,_slang_label_new_unique,0x001ba95b,150,2,1,11
270,_mesa_add_attribute,0x0010dbfe,172,2,1,11
271,_mesa_texformat_intensity,0x002b97e0,60,1,1,19
272,vbo_split_prims,0x0019b430,390,2,1,11
273,_swrast_allow_pixel_fog,0x001180b9,62,2,1,11
274,_swrast_depth_bounds_test,0x0011a217,740,2,1,11
275,_mesa_PushAttrib,0x0016d985,2898,2,1,11
276,_mesa_init_sse_transform_asm,0x0014a33c,258,2,1,11
277,x86_and,0x0014b7f8,42,2,1,11
278,_mesa_update_stencil,0x000a52bf,137,2,1,11
279,_mesa_create_context,0x00057808,106,2,1,11
280,_edata,0x002c9db4,0,0,1,65521
281,slang_type_specifier_new,0x00157505,57,2,1,11
282,_mesa_GetTexGendv,0x00191f34,984,2,1,11
283,_slang_var_swizzle,0x001b6580,44,2,1,11
284,_mesa_GetTexParameterfv,0x00194054,1364,2,1,11
285,_swrast_fog_rgba_span,0x001ace7c,6175,2,1,11
286,_mesa_enable_sw_extensions,0x000723ab,631,2,1,11
287,_mesa_FramebufferTextureLayerEXT,0x000741be,98,2,1,11
288,_mesa_enable_imaging_extensions,0x00071fc0,71,2,1,11
289,_mesa_ColorPointerEXT,0x000c4394,56,2,1,11
290,_mesa_init_fbobjects,0x0007263a,40,2,1,11
291,_tnl_RenderClippedPolygon,0x000e9b0c,84,2,1,11
292,_mesa_RasterPos2sv,0x000a1636,49,2,1,11
293,_math_init_eval,0x00196adf,58,2,1,11
294,x87_fwait,0x0014a65e,21,2,1,11
295,slang_atom_pool_destruct,0x001591ca,96,2,1,11
296,_mesa_unpack_bitmap,0x0008fa91,522,2,1,11
297,_mesa_TexGenfv,0x0019230c,3270,2,1,11
298,_init,0x0001e3a4,0,2,1,9
299,sse2_cvttps2dq,0x0014b07d,59,2,1,11
300,_mesa_resizebuffers,0x0007af16,406,2,1,11
301,_mesa_new_s8_renderbuffer_wrapper,0x0005c723,215,2,1,11
302,_mesa_clone_parameter_list,0x0010e1f8,254,2,1,11
303,_mesa_memcmp,0x000908fb,50,2,1,11
304,_slang_variable_scope_ctr,0x00151b00,28,2,1,11
305,_mesa_GetColorTableParameterfv,0x00171851,1207,2,1,11
306,_mesa_lookup_bufferobj,0x00054d3e,56,2,1,11
307,_mesa_MapBufferARB,0x0005457f,457,2,1,11
308,_mesa_GetMinmaxParameteriv,0x0007d46a,237,2,1,11
309,_swrast_mask_rgba_span,0x0011fc5f,574,2,1,11
310,_mesa_texstore_rgba,0x000c2af0,1217,2,1,11
311,_mesa_store_compressed_texsubimage1d,0x000bc89b,5,2,1,11
312,_mesa_texformat_rgba4444,0x002b9e20,60,1,1,19
313,_mesa_atanf,0x000908ae,14,2,1,11
314,_mesa_GetProgramNamedParameterfvNV,0x00103298,271,2,1,11
315,_mesa_CompileShaderARB,0x0018f51d,59,2,1,11
316,_mesa_init_query,0x0009fe9a,59,2,1,11
317,x86_get_base_reg,0x0014a467,73,2,1,11
318,clip_vb,0x000dcc4a,1315,2,1,11
319,_mesa_record_error,0x000558eb,48,2,1,11
320,_slang_code_object_dtr,0x001506d6,97,2,1,11
321,_tnl_generic_emit,0x000f5f1b,173,2,1,11
322,_mesa_RasterPos2d,0x000a18df,47,2,1,11
323,vf_set_vp_scale_translate,0x000d83f3,156,2,1,11
324,_mesa_ProgramParameters4dvNV,0x001025ae,247,2,1,11
325,_mesa_StencilMask,0x000a5c41,330,2,1,11
326,_ae_create_context,0x0015fe4a,284,2,1,11
327,_mesa_RasterPos2f,0x000a18b0,47,2,1,11
328,vf_set_vp_matrix,0x000d848f,154,2,1,11
329,_mesa_PointParameteriv,0x0009f42d,70,2,1,11
330,_mesa_PointParameterf,0x0009f403,42,2,1,11
331,_swrast_stencil_and_ztest_span,0x00127fea,63,2,1,11
332,_mesa_RasterPos2i,0x000a1881,47,2,1,11
333,_mesa_delete_program,0x00107b1b,162,2,1,11
334,_mesa_PointParameteri,0x0009f473,48,2,1,11
335,_mesa_new_program,0x00107c72,175,2,1,11
336,_mesa_get_teximage,0x000bcbf7,1699,2,1,11
337,_mesa_BlendColor,0x0016f339,376,2,1,11
338,_mesa_update_pixel,0x0009c71d,580,2,1,11
339,_mesa_GetPixelMapuiv,0x0009e034,546,2,1,11
340,_mesa_Frustum,0x000951c6,305,2,1,11
341,sse_orps,0x0014b21b,51,2,1,11
342,_mesa_DeleteRenderbuffersEXT,0x00074d12,268,2,1,11
343,_mesa_get_program_register,0x0010937e,369,2,1,11
344,_math_transposed,0x000c8bfb,105,2,1,11
345,_mesa_realloc_instructions,0x0010c35a,55,2,1,11
346,_mesa_ProgramLocalParameter4fvARB,0x000fbe5e,72,2,1,11
347,_mesa_store_texsubimage1d,0x000bd8b3,330,2,1,11
348,_math_transposef,0x000c8b92,105,2,1,11
349,_mesa_GetObjectParameterivARB,0x0018f625,225,2,1,11
350,_mesa_EdgeFlagPointer,0x000c3a86,254,2,1,11
351,_mesa_RasterPos2s,0x000a1852,47,2,1,11
352,_mesa_transform_point_sz,0x000cbf59,440,2,1,11
353,_mesa_PixelMapusv,0x0009d8fc,663,2,1,11
354,_mesa_BindFramebufferEXT,0x0007442c,872,2,1,11
355,_mesa_reference_shader_program,0x0011320a,176,2,1,11
356,_mesa_free_program_data,0x00107dc0,165,2,1,11
357,_mesa_DeleteLists,0x00070137,179,2,1,11
358,slang_info_log_construct,0x001530b4,22,2,1,11
359,_mesa_search_program_cache,0x00108317,119,2,1,11
360,slang_struct_equal,0x00151763,182,2,1,11
361,_mesa_init_line,0x00093bc0,51,2,1,11
362,sse2_packsswb,0x0014afcc,59,2,1,11
363,_slang_push_var_table,0x00158fb8,129,2,1,11
364,clip_pipe_emit,0x000de7d5,134,2,1,11
365,_mesa_enable_1_5_extensions,0x000720bf,29,2,1,11
366,sse2_movd,0x0014b6f6,68,2,1,11
367,_mesa_WindowPos2fMESA,0x000a13b0,47,2,1,11
368,_mesa_store_compressed_texsubimage2d,0x000bd29a,318,2,1,11
369,_mesa_PushName,0x000758d2,211,2,1,11
370,slang_storage_aggregate_construct,0x00156b61,26,2,1,11
371,_mesa_alloc_instruction,0x00061987,229,2,1,11
372,_mesa_IsEnabled,0x00173df9,4944,2,1,11
373,_math_trans_3fn,0x0019a4e6,71,2,1,11
374,_mesa_float_to_half,0x00090589,432,2,1,11
375,_mesa_BlendEquation,0x0016f604,237,2,1,11
376,_mesa_promote_stencil,0x0005c5a1,320,2,1,11
377,_mesa_execute_program,0x001094ef,11573,2,1,11
378,_mesa_texstore_z24_s8,0x000bf672,790,2,1,11
379,_mesa_NormalPointer,0x000c43cc,334,2,1,11
380,_mesa_TexGend,0x00193066,55,2,1,11
381,_mesa_RasterPos3d,0x000a1824,46,2,1,11
382,_mesa_GetBooleanv,0x00186a61,29360,2,1,11
383,_mesa_TexGenf,0x00192fd2,49,2,1,11
384,_mesa_RasterPos3f,0x000a17f6,46,2,1,11
385,_mesa_AreProgramsResidentNV,0x00103120,376,2,1,11
386,slang_type_specifier_compatible,0x00157589,117,2,1,11
387,_mesa_ShadeModel,0x00092fff,233,2,1,11
388,clip_pipe_wide,0x000dfb45,124,2,1,11
389,_mesa_TexGeni,0x00193100,49,2,1,11
390,_mesa_RasterPos3i,0x000a17c8,46,2,1,11
391,_mesa_program_state_string,0x0010fbb8,649,2,1,11
392,slang_storage_array_destruct,0x00156c74,62,2,1,11
393,_math_matrix_scale,0x000c89a0,190,2,1,11
394,_mesa_strncat,0x000902f2,49,2,1,11
395,_mesa_RasterPos3sv,0x000a1576,48,2,1,11
396,_mesa_remove_attachment,0x00073cb1,130,2,1,11
397,_mesa_GetTexGenfv,0x00191b5f,981,2,1,11
398,sse_movlps,0x0014c58d,146,2,1,11
399,_tnl_normal_transform_stage,0x002b519c,24,1,1,19
400,_mesa_store_texsubimage2d,0x000bd73e,373,2,1,11
401,_math_matrix_is_length_preserving,0x000c8b51,15,2,1,11
402,_mesa_RasterPos3s,0x000a179a,46,2,1,11
403,_slang_gltype_from_specifier,0x00157369,412,2,1,11
404,_mesa_texformat_rgb565,0x002b9da0,60,1,1,19
405,_mesa_GetUniformivARB,0x0018eef4,73,2,1,11
406,_mesa_insert_mvp_code,0x00110878,427,2,1,11
407,_mesa_ClientActiveTextureARB,0x000bb3b9,182,2,1,11
408,_mesa_texstore_sl8,0x000c0156,150,2,1,11
409,_mesa_Hint,0x0007c8f2,1057,2,1,11
410,_mesa_texstore_ycbcr,0x000be0d9,320,2,1,11
411,_mesa_ColorPointer,0x000c4201,403,2,1,11
412,_mesa_unpack_image,0x00083e53,836,2,1,11
413,_mesa_install_save_vtxfmt,0x000c50fe,19,2,1,11
414,_mesa_texstore_ci8,0x000bf988,442,2,1,11
415,sse_shufps,0x0014b199,79,2,1,11
416,_mesa_lookup_shader,0x00111560,73,2,1,11
417,slang_struct_destruct,0x00151819,80,2,1,11
418,_mesa_store_compressed_texsubimage3d,0x000bc8a0,5,2,1,11
419,_mesa_copy_context,0x000564d8,1479,2,1,11
420,_mesa_texstore_sla8,0x000c0734,171,2,1,11
421,_mesa_lookup_parameter_constant,0x0010d4ef,636,2,1,11
422,_mesa_Histogram,0x0007d1e9,641,2,1,11
423,_mesa_ActiveStencilFaceEXT,0x000a58f2,224,2,1,11
424,_mesa_validate_DrawRangeElements,0x0016a506,467,2,1,11
425,_mesa_notifySwapBuffers,0x000556e0,37,2,1,11
426,_slang_function_has_return_value,0x00150a6c,15,2,1,11
427,sse_movss,0x0014b7b4,68,2,1,11
428,_swrast_eject_texture_images,0x00118e08,252,2,1,11
429,grammar_string_copy_n,0x000ff1e2,49,2,1,11
430,clip_prim_info,0x000dcb01,329,2,1,11
431,_mesa_RasterPos4d,0x000a1772,40,2,1,11
432,_mesa_RasterPos4f,0x000a174a,40,2,1,11
433,_mesa_init_driver_state,0x00149248,1346,2,1,11
434,_swrast_write_stencil_span,0x00125c8a,479,2,1,11
435,_tnl_vp_pipeline,0x002bb528,12,1,1,23
436,_mesa_InitNames,0x00075a86,190,2,1,11
437,x86_cmp,0x0014b8a0,42,2,1,11
438,_mesa_FrontFace,0x0009f908,219,2,1,11
439,_mesa_UseProgramObjectARB,0x0018e3ab,104,2,1,11
440,_slang_struct_scope_ctr,0x001516c0,28,2,1,11
441,_mesa_RasterPos4i,0x000a1722,40,2,1,11
442,_math_matrix_alloc_inv,0x000c8ccd,97,2,1,11
443,_mesa_map_ci_to_rgba,0x00081bf9,157,2,1,11
444,_mesa_texformat_luminance_alpha,0x002b97a0,60,1,1,19
445,_mesa_Uniform1fvARB,0x0018ea79,81,2,1,11
446,_mesa_SetFragmentShaderConstantATI,0x000fd8ee,265,2,1,11
447,vbo_exec_do_EvalCoord1f,0x000d22db,385,2,1,11
448,_mesa_pack_stencil_span,0x00084554,1125,2,1,11
449,_swrast_select_point,0x001ac47c,57,2,1,11
450,_swrast_alpha_test,0x001a7150,3146,2,1,11
451,_mesa_nv_vertex_output_register_name,0x00103ea8,26,2,1,11
452,_mesa_ProgramLocalParameter4dARB,0x000fbe18,70,2,1,11
453,_vbo_InvalidateState,0x000cc8b7,69,2,1,11
454,_mesa_GetTexParameteriv,0x00193a8d,1479,2,1,11
455,_tnl_texture_transform_stage,0x002b5110,24,1,1,19
456,_slang_alloc_statevar,0x001bcd38,3474,2,1,11
457,clip_set_prim_vertex_format,0x000dd3cc,184,2,1,11
458,_mesa_set_tex_image,0x000b46d7,202,2,1,11
459,_tnl_emit_vertices_to_buffer,0x000f244f,91,2,1,11
460,_mesa_store_texsubimage3d,0x000bd5cc,370,2,1,11
461,_mesa_Clear,0x001707c2,516,2,1,11
462,_mesa_new_query_object,0x000a0bbb,68,2,1,11
463,_mesa_RasterPos4s,0x000a16fa,40,2,1,11
464,_mesa_ColorSubTable,0x001727e0,1011,2,1,11
465,_tnl_set_attr,0x000f1e29,128,2,1,11
466,_mesa_init_matrix,0x000940c2,205,2,1,11
467,_swrast_SetFacing,0x00118064,23,2,1,11
468,slang_function_construct,0x00150ec5,131,2,1,11
469,_mesa_TexGeniv,0x0019309d,99,2,1,11
470,slang_function_destruct,0x00150e0d,95,2,1,11
471,_math_horner_bezier_surf,0x00196c30,621,2,1,11
472,_mesa_delete_texture_image,0x000b248b,75,2,1,11
473,_mesa_error_check_format_type,0x0018dd20,1003,2,1,11
474,_mesa_MultTransposeMatrixdARB,0x00094bf9,63,2,1,11
475,_tnl_lighting_stage,0x002b5184,24,1,1,19
476,_mesa_TexEnvf,0x00191621,49,2,1,11
477,_mesa_UniformMatrix3x4fv,0x0018e48a,119,2,1,11
478,_math_trans_4fn,0x0019a494,82,2,1,11
479,clip_set_viewport,0x000dd53c,146,2,1,11
480,slang_function_new,0x00150f48,66,2,1,11
481,_mesa_add_renderbuffer,0x000a27a2,378,2,1,11
482,_swrast_fog_ci_span,0x001ac7f0,1676,2,1,11
483,_mesa_GetColorTableParameteriv,0x001712e2,1391,2,1,11
484,_swrast_Clear,0x001156cf,1322,2,1,11
485,_mesa_TexEnvi,0x001915dc,69,2,1,11
486,_swrast_read_depth_span_uint,0x00119258,544,2,1,11
487,sse_maxps,0x0014b4da,51,2,1,11
488,_mesa_getenv,0x0009034d,35,2,1,11
489,vbo_validate_shaders,0x000cccf0,73,2,1,11
490,_slang_compile,0x001507f8,595,2,1,11
491,_mesa_DeleteShader,0x0018f338,70,2,1,11
492,_mesa_AttachShader,0x0018f5a1,66,2,1,11
493,_mesa_BindProgram,0x000fd481,634,2,1,11
494,_mesa_PushMatrix,0x00094fa9,260,2,1,11
495,vbo_save_api_init,0x000d27c3,1131,2,1,11
496,_mesa_memcpy,0x00090990,49,2,1,11
497,_mesa_Uniform4fvARB,0x0018e986,81,2,1,11
498,slang_operation_delete,0x0015119a,52,2,1,11
499,vf_create,0x000d8127,176,2,1,11
500,_mesa_init_pixel,0x0009c446,727,2,1,11
501,_mesa_RasterPos4sv,0x000a14ce,42,2,1,11
502,slang_operation_copy,0x001514a6,534,2,1,11
503,vbo_save_SaveFlushVertices,0x000d6fc1,94,2,1,11
504,_mesa_PopName,0x0007580a,200,2,1,11
505,_mesa_free_lighting_data,0x00091148,79,2,1,11
506,_mesa_ProgramEnvParameter4fvARB,0x000fc3c4,72,2,1,11
507,vbo_save_NewList,0x000d70f1,120,2,1,11
508,_mesa_condcode_string,0x001bb13d,113,2,1,11
509,_swrast_exec_fragment_program,0x001ae894,1016,2,1,11
510,_mesa_GetProgramParameterdvNV,0x00102e2a,256,2,1,11
511,_mesa_atoi,0x000901ee,51,2,1,11
512,vbo_exec_do_EvalCoord2f,0x000d1fa6,821,2,1,11
513,_tnl_allow_pixel_fog,0x000e1625,97,2,1,11
514,_slang_link,0x001529e8,1739,2,1,11
515,_mesa_FogCoordPointerEXT,0x000c40c6,315,2,1,11
516,_mesa_UniformMatrix3fvARB,0x0018e754,119,2,1,11
517,_swrast_CopyColorTable,0x0011dbdc,263,2,1,11
518,_mesa_initialize_texture_object,0x000b8a41,254,2,1,11
519,x86_fixup_fwd_jump,0x0014a4bb,52,2,1,11
520,_mesa_lookup_texture,0x000b8b86,47,2,1,11
521,_mesa_GetAttribLocationARB,0x0018f108,66,2,1,11
522,grammar_alloc_free,0x000ff3a7,35,2,1,11
523,_mesa_new_buffer_object,0x00055636,71,2,1,11
524,_mesa_WindowPos3sMESA,0x000a129a,46,2,1,11
525,_mesa_PassThrough,0x00075239,196,2,1,11
526,_mesa_init_colortables,0x00170e73,120,2,1,11
527,_tnl_interp,0x000f1dc3,62,2,1,11
528,_slang_cast_func_params,0x00156147,373,2,1,11
529,mmInit,0x0009beca,141,2,1,11
530,x86_make_reg,0x0014a440,39,2,1,11
531,_mesa_Uniform3fARB,0x0018ecb2,100,2,1,11
532,_mesa_BeginFragmentShaderATI,0x000fe8bb,447,2,1,11
533,_mesa_CreateShaderObjectARB,0x0018f4a7,59,2,1,11
534,_mesa_IsRenderbufferEXT,0x00074e1e,130,2,1,11
535,_mesa_extension_is_enabled,0x00072256,108,2,1,11
536,_mesa_align_realloc,0x00090a3b,129,2,1,11
537,_mesa_GetCompressedTexImageARB,0x000b37a4,468,2,1,11
538,x86_jcc,0x0014aa51,158,2,1,11
539,_mesa_noop_vtxfmt_init,0x001682d1,750,2,1,11
540,_mesa_init_fragment_program,0x00107c49,41,2,1,11
541,_mesa_test_framebuffer_completeness,0x0007358a,959,2,1,11
542,_mesa_use_program,0x00113313,187,2,1,11
543,_mesa_CreateShader,0x0018f4e2,59,2,1,11
544,_mesa_initialize_array_object,0x0016e4e0,600,2,1,11
545,_slang_variable_scope_new,0x00151b8b,46,2,1,11
546,x86_make_disp,0x0014c962,261,2,1,11
547,grammar_alloc_realloc,0x000ff353,49,2,1,11
548,_mesa_GetColorTable,0x00171d08,1278,2,1,11
549,_mesa_new_texture_object,0x000b8b3f,71,2,1,11
550,_tnl_install_attrs,0x000f24fb,552,2,1,11
551,_mesa_GetTexGeniv,0x00191660,1279,2,1,11
552,_mesa_ProgramNamedParameter4fvNV,0x001035c4,79,2,1,11
553,_mesa_transform_vector,0x000cbed2,135,2,1,11
554,_mesa_init_exec_table,0x0015ff68,8897,2,1,11
555,_mesa_sizeof_type,0x00080f9e,123,2,1,11
556,_mesa_framebuffer_renderbuffer,0x00073d89,119,2,1,11
557,vf_set_sources,0x000d8000,158,2,1,11
558,_mesa_ResetMinmax,0x0007ceb7,269,2,1,11
559,_mesa_GetShaderiv,0x0018f076,73,2,1,11
560,_mesa_unpack_polygon_stipple,0x0008fc9b,135,2,1,11
561,_mesa_texformat_al88,0x002b9fa0,60,1,1,19
562,_tnl_vertex_program_stage,0x002b50a0,24,1,1,19
563,_mesa_unpack_depth_span,0x00089c06,2211,2,1,11
564,_mesa_compressed_texture_size,0x000a6518,153,2,1,11
565,x87_fist,0x0014aef5,46,2,1,11
566,_mesa_readbuffer,0x0016fcbb,54,2,1,11
567,x87_faddp,0x0014bdc4,152,2,1,11
568,vbo_exec_eval_update,0x000d1c7a,812,2,1,11
569,_mesa_free_eval_data,0x0007088c,445,2,1,11
570,_slang_type_is_matrix,0x0015727e,17,2,1,11
571,_mesa_texstore_s8_z24,0x000bf259,1049,2,1,11
572,_mesa_Lightf,0x00093b8f,49,2,1,11
573,_mesa_init_texture,0x000ba6c9,790,2,1,11
574,_slang_init_ir_storage,0x001b9ed0,42,2,1,11
575,x87_fabs,0x0014a908,28,2,1,11
576,slang_variable_construct,0x00151c63,103,2,1,11
577,_mesa_FramebufferRenderbufferEXT,0x0007495d,619,2,1,11
578,_mesa_store_compressed_teximage1d,0x000bc891,5,2,1,11
579,_mesa_Lighti,0x00093b5e,49,2,1,11
580,_mesa_vector4f_clean_elem,0x0019aba0,81,2,1,11
581,_mesa_UnmapBufferARB,0x00054428,343,2,1,11
582,_mesa_texformat_rgba_dxt1,0x002b4c60,60,1,1,19
583,vbo_exec_vtx_destroy,0x000ccf10,106,2,1,11
584,_mesa_WindowPos4iMESA,0x000a1222,40,2,1,11
585,_mesa_lookup_parameter_value,0x0010d8b4,64,2,1,11
586,_mesa_texformat_rgb_fxt1,0x002b4d20,60,1,1,19
587,_mesa_texformat_rgba_dxt3,0x002b4ca0,60,1,1,19
588,_mesa_ResizeBuffersMESA,0x0007b0ac,58,2,1,11
589,_mesa_init_multisample,0x0009c29c,53,2,1,11
590,_mesa_lookup_uniform,0x001a176d,98,2,1,11
591,_mesa_texformat_rgba_dxt5,0x002b4ce0,60,1,1,19
592,x87_fdivrp,0x0014bc94,152,2,1,11
593,_mesa_EnableVertexAttribArrayARB,0x000fca4a,215,2,1,11
594,_mesa_new_soft_renderbuffer,0x000a4718,59,2,1,11
595,_mesa_WindowPos3dvMESA,0x000a1106,48,2,1,11
596,_mesa_BindAttribLocationARB,0x0018f558,73,2,1,11
597,_mesa_Uniform1iARB,0x0018ebf6,82,2,1,11
598,_mesa_soft_renderbuffer_storage,0x000a30cb,1836,2,1,11
599,_mesa_lookup_renderbuffer,0x00074925,56,2,1,11
600,_mesa_MultMatrixd,0x00094c77,66,2,1,11
601,_mesa_set_scissor,0x000a48c0,168,2,1,11
602,_mesa_MultMatrixf,0x00094b56,163,2,1,11
603,_mesa_HashRemove,0x0007c52e,299,2,1,11
604,_mesa_create_framebuffer,0x0007b78f,120,2,1,11
605,_mesa_WindowPos3dMESA,0x000a1324,46,2,1,11
606,_mesa_Lightfv,0x0009371c,908,2,1,11
607,slang_variable_copy,0x00151cca,357,2,1,11
608,_mesa_lookup_shader_program,0x00111643,70,2,1,11
609,_mesa_texformat_alpha,0x002b9720,60,1,1,19
610,_mesa_PointSizePointer,0x000c3981,261,2,1,11
611,_mesa_BindTexture,0x000b8ef4,977,2,1,11
612,slang_string_concat,0x001594a3,61,2,1,11
613,slang_string_cstr,0x001592c3,44,2,1,11
614,_mesa_lookup_rgba_ubyte,0x00082af7,1479,2,1,11
615,_swrast_write_zoomed_depth_span,0x0014917a,56,2,1,11
616,_slang_free,0x001533d0,46,2,1,11
617,_mesa_init_varray,0x000c2fc0,74,2,1,11
618,_mesa_MapGrid1d,0x00071469,49,2,1,11
619,_mesa_AlphaFragmentOp3ATI,0x000fdf93,114,2,1,11
620,_mesa_scale_and_bias_rgba,0x0008182f,342,2,1,11
621,_mesa_MapGrid1f,0x00071395,212,2,1,11
622,sse_maxss,0x0014b49f,59,2,1,11
623,MAX_FOR_LOOP_UNROLL_ITERATIONS,0x002a389c,4,1,1,13
624,_mesa_store_compressed_teximage2d,0x000bd3d8,256,2,1,11
625,_mesa_problem,0x0008ff66,203,2,1,11
626,_mesa_GetHandleARB,0x0018eeb9,59,2,1,11
627,x86_call_forward,0x0014a71c,68,2,1,11
628,_mesa_load_state_parameters,0x0010eb11,4160,2,1,11
629,_mesa_new_program_cache,0x0010805a,91,2,1,11
630,_mesa_memset16,0x0008fd30,30,2,1,11
631,_mesa_CheckFramebufferStatusEXT,0x00073949,366,2,1,11
632,_slang_label_set_location,0x001ba7bb,196,2,1,11
633,_mesa_IndexPointerEXT,0x000c4095,49,2,1,11
634,_mesa_update_default_objects_texture,0x000ba5b0,98,2,1,11
635,_mesa_EndList,0x00070005,306,2,1,11
636,_mesa_MultiDrawArraysEXT,0x000c324c,168,2,1,11
637,_swrast_read_index_span,0x00122f78,511,2,1,11
638,_slang_codegen_global_variable,0x001b5d06,2004,2,1,11
639,_mesa_ConvolutionParameterf,0x000599e6,354,2,1,11
640,_mesa_PolygonOffsetEXT,0x0009f6eb,71,2,1,11
641,_mesa_update_material,0x00090cc8,682,2,1,11
642,_mesa_GenVertexArraysAPPLE,0x0016ea58,312,2,1,11
643,__bss_start,0x002c9db4,0,0,1,65521
644,_mesa_remove_renderbuffer,0x000a2714,142,2,1,11
645,_mesa_ConvolutionParameteri,0x00059646,327,2,1,11
646,clip_pipe_reset_tmps,0x000ddf61,51,2,1,11
647,_swrast_texture_span,0x00128030,12565,2,1,11
648,mmAllocMem,0x0009bcd5,501,2,1,11
649,slang_string_free,0x0015947a,41,2,1,11
650,_mesa_reference_shader,0x00112ca4,176,2,1,11
651,_slang_find_variable,0x001587a0,93,2,1,11
652,_mesa_init_texture_fxt1,0x000a71e0,5,2,1,11
653,_math_matrix_translate,0x000c8a5e,129,2,1,11
654,vf_set_vertex_attributes,0x000d8529,422,2,1,11
655,_mesa_update_draw_buffer_bounds,0x0007adbc,346,2,1,11
656,_mesa_MatrixMode,0x00094664,592,2,1,11
657,_mesa_texformat_bgr888,0x002b9d60,60,1,1,19
658,_tnl_generate_hardwired_emit,0x000f5d70,427,2,1,11
659,x87_fadd,0x0014c24b,65,2,1,11
660,_mesa_update_hitflag,0x000750b6,56,2,1,11
661,_mesa_LightModelfv,0x00092697,730,2,1,11
662,_mesa_convolve_2d_image,0x00057d2c,1743,2,1,11
663,_mesa_Uniform3ivARB,0x0018e893,81,2,1,11
664,_mesa_append_fog_code,0x0011032d,1355,2,1,11
665,clip_pipe_free_tmps,0x000ddfe5,64,2,1,11
666,_mesa_GetProgramivNV,0x00103881,272,2,1,11
667,_slang_variable_locate,0x00151b1c,111,2,1,11
668,_mesa_validate_all_lighting_tables,0x0009192c,374,2,1,11
669,x86_sub,0x0014b84c,42,2,1,11
670,_mesa_MapGrid2d,0x0007134f,70,2,1,11
671,_mesa_DisableClientState,0x00177dea,95,2,1,11
672,_ae_unmap_vbos,0x0015c41a,162,2,1,11
673,_mesa_MapGrid2f,0x00071227,296,2,1,11
674,_mesa_texformat_z16,0x002ba260,60,1,1,19
675,_mesa_num_inst_dst_regs,0x0010c241,29,2,1,11
676,clip_set_userclip,0x000dd333,84,2,1,11
677,_mesa_debug,0x0008fefc,5,2,1,11
678,_mesa_store_compressed_teximage3d,0x000bc896,5,2,1,11
679,_mesa_init_viewport,0x00093eac,177,2,1,11
680,_mesa_GetDoublev,0x001869f5,108,2,1,11
681,_mesa_add_alpha_renderbuffers,0x000a3d97,599,2,1,11
682,MAX_FOR_LOOP_UNROLL_BODY_SIZE,0x002a38a0,4,1,1,13
683,_tnl_destroy_pipeline,0x000e1794,101,2,1,11
684,_mesa_CompressedTexImage1DARB,0x000b6805,948,2,1,11
685,_mesa_texstore_argb1555,0x000c07df,701,2,1,11
686,_math_matrix_loadf,0x000c8d9d,68,2,1,11
687,_mesa_allow_light_in_model,0x0009112b,29,2,1,11
688,_mesa_sizeof_packed_type,0x00081019,264,2,1,11
689,x86_call,0x0014b565,52,2,1,11
690,_mesa_HashLookup,0x0007c270,198,2,1,11
691,slang_atom_pool_id,0x001590e1,8,2,1,11
692,_mesa_dlclose,0x00173418,35,2,1,11
693,_mesa_GenFramebuffersEXT,0x00073ab7,253,2,1,11
694,_mesa_pack_bitmap,0x00083b7e,438,2,1,11
695,_mesa_GetObjectParameterfvARB,0x0018f706,57,2,1,11
696,_mesa_CopyConvolutionFilter1D,0x000592c5,290,2,1,11
697,_mesa_EndQueryARB,0x000a0024,338,2,1,11
698,_mesa_HashNextEntry,0x0007c0d2,264,2,1,11
699,_mesa_BindRenderbufferEXT,0x00074bc8,330,2,1,11
700,_mesa_HashDeleteAll,0x0007c48b,163,2,1,11
701,_slang_pop_var_table,0x00158e16,372,2,1,11
702,_mesa_generate_mipmap_level,0x0009ae63,2034,2,1,11
703,_mesa_x86_cpu_features,0x002d3580,4,1,1,24
704,_mesa_apply_rgba_transfer_ops,0x0008349a,1125,2,1,11
705,_ae_loopback_array_elt,0x0015c4bc,348,2,1,11
706,_tnl_RasterPos,0x0019c950,4506,2,1,11
707,_mesa_wait_query,0x000a0b70,75,2,1,11
708,_mesa_ColorFragmentOp3ATI,0x000fe0f2,113,2,1,11
709,_mesa_UniformMatrix4x2fv,0x0018e501,119,2,1,11
710,_mesa_resize_framebuffer,0x0007b0e6,442,2,1,11
711,x87_fldln2,0x0014a990,28,2,1,11
712,_mesa_BindBufferARB,0x00055286,96,2,1,11
713,_mesa_GetShaderSourceARB,0x0018ef86,80,2,1,11
714,_swrast_exec_fragment_shader,0x001a7ffe,3628,2,1,11
715,_mesa_texformat_srgb_dxt1,0x002b4c20,60,1,1,19
716,_mesa_store_teximage1d,0x000bddcd,439,2,1,11
717,x86_test,0x0014b50d,44,2,1,11
718,_swrast_copy_teximage1d,0x00138f29,700,2,1,11
719,_mesa_half_to_float,0x0008fe25,215,2,1,11
720,clip_pipe_stipple,0x000decfe,124,2,1,11
721,_math_trans_4chan,0x0019a3a3,77,2,1,11
722,_mesa_GenBuffersARB,0x00054bf8,326,2,1,11
723,_mesa_add_depth_renderbuffer,0x000a3c90,263,2,1,11
724,_mesa_free_viewport_data,0x00093e84,40,2,1,11
725,_math_matrix_is_general_scale,0x000c8b6f,17,2,1,11
726,slang_info_log_error,0x00153299,145,2,1,11
727,_tnl_render_stage,0x002b50b8,24,1,1,19
728,_mesa_noop_Rectf,0x00169f90,281,2,1,11
729,x87_f2xm1,0x0014a80c,28,2,1,11
730,_mesa_CullFace,0x0009f9e3,221,2,1,11
731,clip_pipe_clip,0x000e07df,139,2,1,11
732,_mesa_BlendFunc,0x0016fa36,50,2,1,11
733,_mesa_init_glsl_driver_functions,0x00110bf4,367,2,1,11
734,_mesa_source_buffer_exists,0x0007a8ae,396,2,1,11
735,clip_passthrough_tri,0x000ddf94,27,2,1,11
736,_mesa_DeleteObjectARB,0x0018f3c4,127,2,1,11
737,_mesa_set_enable,0x0017546d,10415,2,1,11
738,_mesa_bytes_per_pixel,0x000811e9,603,2,1,11
739,_mesa_count_texture_indirections,0x0010fe60,339,2,1,11
740,_mesa_delete_texture_object,0x000b89a8,153,2,1,11
741,_slang_strdup,0x00153561,90,2,1,11
742,_mesa_clip_copytexsubimage,0x000822b4,162,2,1,11
743,clip_set_state,0x000dd387,69,2,1,11
744,clip_noop_set_hw_render,0x000dd682,14,2,1,11
745,_tnl_copy_pv,0x000f1e01,40,2,1,11
746,clip_create_noop_render,0x000dd690,111,2,1,11
747,_mesa_parse_arb_vertex_program,0x000fb5f4,347,2,1,11
748,_mesa_strcmp,0x00090252,42,2,1,11
749,_mesa_copy_texture_object,0x000b7cc0,296,2,1,11
750,_mesa_CreateProgramObjectARB,0x0018f443,50,2,1,11
751,_mesa_CopyConvolutionFilter2D,0x00059181,324,2,1,11
752,x87_fsubrp,0x0014be5c,152,2,1,11
753,_mesa_is_proxy_texture,0x000b15a4,78,2,1,11
754,_mesa_GetUniformfvARB,0x0018ef3d,73,2,1,11
755,_swrast_write_zoomed_rgba_span,0x00149219,47,2,1,11
756,_mesa_ProgramEnvParameters4fvEXT,0x000fc0b1,399,2,1,11
757,x87_fsincos,0x0014a860,28,2,1,11
758,_mesa_use_uniform,0x0010d76b,102,2,1,11
759,_math_matrix_mul_matrix,0x000c7f21,68,2,1,11
760,_slang_new_ir_storage_sampler,0x001ba73c,116,2,1,11
761,_slang_alloc,0x001534ae,179,2,1,11
762,_mesa_strtod,0x000901c4,42,2,1,11
763,clip_create,0x000dd23d,246,2,1,11
764,x86_get_label,0x0014a4b0,11,2,1,11
765,_slang_codegen_function,0x001b42b5,455,2,1,11
766,_tnl_generic_copy_pv_extras,0x000f6441,208,2,1,11
767,_mesa_compressed_texture_size_glenum,0x000a65b1,248,2,1,11
768,_mesa_ExecuteProgramNV,0x00103a80,239,2,1,11
769,_mesa_Lightiv,0x00093aa8,182,2,1,11
770,x86_release_func,0x0014a516,67,2,1,11
771,x86_get_func,0x0014a50b,11,2,1,11
772,_end,0x002d5958,0,0,1,65521
773,grammar_destroy,0x000ff5e5,131,2,1,11
774,_mesa_reference_framebuffer,0x0007b32e,231,2,1,11
775,_mesa_store_teximage2d,0x000bdbe6,487,2,1,11
776,_swrast_copy_teximage2d,0x00138c5d,716,2,1,11
777,_mesa_InterleavedArrays,0x000c4701,1438,2,1,11
778,_mesa_ffsll,0x0009079b,79,2,1,11
779,_mesa_add_soft_renderbuffers,0x000a4322,1014,2,1,11
780,_mesa_add_color_renderbuffers,0x000a415d,453,2,1,11
781,_mesa_texformat_z32,0x002ba2a0,60,1,1,19
782,split_prim_inplace,0x0019b368,200,2,1,11
783,_mesa_sprintf,0x00090072,65,2,1,11
784,_mesa_ShaderSourceARB,0x0018f800,533,2,1,11
785,_mesa_texformat_argb1555,0x002b9f20,60,1,1,19
786,_mesa_WindowPos3svMESA,0x000a1076,48,2,1,11
787,clip_interp,0x000e086a,328,2,1,11
788,_mesa_delete_instructions,0x001073ec,218,2,1,11
789,_slang_code_unit_ctr,0x00150737,72,2,1,11
790,_mesa_copy_instructions,0x0010c2ea,112,2,1,11
791,_mesa_init_all_x86_transform_asm,0x00149de4,786,2,1,11
792,_mesa_PixelZoom,0x0009c961,134,2,1,11
793,_mesa_GetProgramNamedParameterdvNV,0x001033a7,91,2,1,11
794,x87_fnstsw,0x0014bac2,148,2,1,11
795,_mesa_warning,0x000904dc,173,2,1,11
796,_fini,0x00254fd8,0,2,1,12
797,_mesa_texformat_rgb888,0x002b9d20,60,1,1,19
798,_mesa_GetBufferSubDataARB,0x000548e2,167,2,1,11
799,_tnl_emit_indexed_vertices_to_buffer,0x000f2348,263,2,1,11
800,vbo_save_EndCallList,0x000d27a2,33,2,1,11
801,_mesa_init_rastpos,0x000a0c00,158,2,1,11
802,sse_cmpps,0x0014b14a,79,2,1,11
803,_mesa_save_vtxfmt_init,0x0005c934,714,2,1,11
804,_mesa_test_proxy_teximage,0x000b30eb,1063,2,1,11
805,_mesa_exec_malloc,0x00177f07,252,2,1,11
806,_mesa_UniformMatrix4x3fv,0x0018e413,119,2,1,11
807,_tnl_allow_vertex_fog,0x000e15dd,72,2,1,11
808,_mesa_ColorTableParameterfv,0x00170fb3,382,2,1,11
809,_mesa_compile_error,0x00062ee9,118,2,1,11
810,_mesa_compressed_row_stride,0x000a647f,153,2,1,11
811,vbo_exec_destroy,0x000ccbd7,97,2,1,11
812,_mesa_IsFramebufferEXT,0x000748a3,130,2,1,11
813,_mesa_ValidateProgramARB,0x0018e370,59,2,1,11
814,_ae_destroy_context,0x0015fe0a,64,2,1,11
815,_mesa_texformat_rgba8888_rev,0x002b9c60,60,1,1,19
816,_mesa_reference_texobj,0x000b7f68,405,2,1,11
817,fxt1_decode_1,0x000a7b52,150,2,1,11
818,vbo_save_fallback,0x000d2460,42,2,1,11
819,_mesa_get_dispatch,0x000558e0,11,2,1,11
820,_mesa_TexParameterf,0x00195820,334,2,1,11
821,_mesa_init_x86_transform_asm,0x0014a0f8,303,2,1,11
822,_mesa_sqrtd,0x00090814,10,2,1,11
823,_mesa_HashFirstEntry,0x0007c1da,150,2,1,11
824,_mesa_LightModeliv,0x0009299b,156,2,1,11
825,_mesa_TexParameteri,0x001955ad,287,2,1,11
826,_mesa_dlsym,0x0017343b,42,2,1,11
827,_mesa_PassTexCoordATI,0x000fe4c3,624,2,1,11
828,_mesa_store_teximage3d,0x000bd9fd,489,2,1,11
829,x86_lea,0x0014b539,44,2,1,11
830,_mesa_get_compressed_formats,0x000a6250,264,2,1,11
831,_mesa_sqrtf,0x0008fd4e,108,2,1,11
832,_mesa_GetVertexAttribPointervNV,0x001026a5,174,2,1,11
833,_mesa_pack_depth_stencil_span,0x00082356,424,2,1,11
834,_mesa_texformat_srgb8,0x002b9820,60,1,1,19
835,vbo_use_buffer_objects,0x000cde21,239,2,1,11
836,_mesa_parse_nv_vertex_program,0x00105ff0,3624,2,1,11
837,_mesa_clone_program,0x001075c0,943,2,1,11
838,_mesa_loopback_init_api_table,0x00162230,3363,2,1,11
839,_mesa_swap2,0x00080f36,32,2,1,11
840,_mesa_BlendEquationSeparateEXT,0x0016f4b1,339,2,1,11
841,mmx_emms,0x0014ba54,110,2,1,11
842,_mesa_swap4,0x00080f56,72,2,1,11
843,_mesa_alloc_instructions,0x0010c391,38,2,1,11
844,_swrast_allow_vertex_fog,0x0011807b,62,2,1,11
845,_slang_free_temp,0x00158aae,409,2,1,11
846,grammar_string_duplicate,0x000ff1bf,35,2,1,11
847,_mesa_GetQueryObjecti64vEXT,0x000a02c3,296,2,1,11
848,_mesa_FramebufferTexture1DEXT,0x0007435f,149,2,1,11
849,grammar_load_from_text,0x00101a52,2240,2,1,11
850,x86_xor,0x0014b8ca,42,2,1,11
851,slang_struct_scope_copy,0x001519f4,257,2,1,11
852,_mesa_tex_target_to_face,0x000b158d,23,2,1,11
853,_mesa_GetBufferParameterivARB,0x00054290,408,2,1,11
854,_mesa_NewList,0x0007023f,391,2,1,11
855,_swrast_put_row,0x00122d92,148,2,1,11
856,_mesa_SeparableFilter2D,0x00059b48,1152,2,1,11
857,_mesa_drawbuffers,0x00170057,427,2,1,11
858,slang_info_log_destruct,0x0015339e,43,2,1,11
859,_mesa_extract_stencil,0x0005c249,384,2,1,11
860,_mesa_free_colortable_data,0x00170eeb,80,2,1,11
861,_mesa_IsShader,0x0018ee01,59,2,1,11
862,_mesa_AlphaFragmentOp2ATI,0x000fe005,117,2,1,11
863,_mesa_CopyTexSubImage1D,0x000b44bd,538,2,1,11
864,_mesa_StencilFuncSeparateATI,0x000a5fcd,455,2,1,11
865,_mesa_GetActiveUniformARB,0x0018f1ea,101,2,1,11
866,_mesa_GetPixelMapusv,0x0009d61b,737,2,1,11
867,_mesa_append_uniform,0x001a17cf,295,2,1,11
868,_swrast_CopyConvolutionFilter1D,0x0011d9f5,224,2,1,11
869,_tnl_draw_prims,0x000e1a49,3098,2,1,11
870,_mesa_texstore_al88,0x000c03e7,845,2,1,11
871,_swrast_get_row,0x00122e26,134,2,1,11
872,_mesa_Flush,0x00055938,130,2,1,11
873,_mesa_error,0x00090370,364,2,1,11
874,clip_pipe_twoside,0x000df4d9,124,2,1,11
875,_mesa_initialize_framebuffer,0x0007b570,347,2,1,11
876,slang_fully_specified_type_copy,0x00157993,200,2,1,11
877,_slang_code_unit_dtr,0x00150694,66,2,1,11
878,_mesa_SampleMapATI,0x000fe24e,629,2,1,11
879,_slang_type_is_vector,0x0015728f,39,2,1,11
880,_mesa_TexCoordPointerEXT,0x000c3d79,56,2,1,11
881,_mesa_IsList,0x0005f325,130,2,1,11
882,_mesa_program_cache_insert,0x00108162,373,2,1,11
883,_tnl_point_attenuation_stage,0x002b51b4,24,1,1,19
884,_mesa_GetVertexAttribfvNV,0x0010298a,450,2,1,11
885,_mesa_nv_fragment_input_register_name,0x0019df5c,26,2,1,11
886,_mesa_create_visual,0x00056d06,215,2,1,11
887,clip_pipe_set_clip_state,0x000ddef5,22,2,1,11
888,_mesa_GetProgramEnvParameterfvARB,0x000fbea6,405,2,1,11
889,_mesa_init_accum,0x0016a890,37,2,1,11
890,_mesa_compressed_image_address,0x000a6358,295,2,1,11
891,vbo_rebase_prims,0x0019af89,991,2,1,11
892,_slang_type_is_float_vec_mat,0x001572b6,17,2,1,11
893,_tnl_build_vertices,0x000f24aa,81,2,1,11
894,_mesa_init_eval,0x00070b29,798,2,1,11
895,_mesa_align_free,0x000909c1,35,2,1,11
896,_mesa_CullParameterfvEXT,0x00170a91,360,2,1,11
897,_mesa_CompressedTexSubImage1DARB,0x000b3e37,557,2,1,11
898,x87_fclex,0x0014a95c,52,2,1,11
899,_mesa_GetProgramStringNV,0x00103991,239,2,1,11
900,_mesa_init_renderbuffer,0x000a37f7,228,2,1,11
901,_mesa_DeleteTextures,0x000b92c5,593,2,1,11
902,_mesa_Map1d,0x00071f52,54,2,1,11
903,sse_cvtps2pi,0x0014c3f8,155,2,1,11
904,clip_get_active_prims,0x000dca8e,115,2,1,11
905,_mesa_base_tex_format,0x000b10cb,782,2,1,11
906,_mesa_remove_array_object,0x0016e815,56,2,1,11
907,x87_fistp,0x0014aec7,46,2,1,11
908,_mesa_Map1f,0x00071f88,54,2,1,11
909,_slang_emit_code,0x001b9b63,789,2,1,11
910,mmx_packssdw,0x0014b9b9,155,2,1,11
911,_mesa_CopyTexSubImage2D,0x000b4296,551,2,1,11
912,x86_jcc_forward,0x0014aa00,81,2,1,11
913,_mesa_buffer_unmap,0x00054009,20,2,1,11
914,_mesa_lookup_program,0x0010796f,56,2,1,11
915,_mesa_GetString,0x0007bbc7,1087,2,1,11
916,_swrast_CopyConvolutionFilter2D,0x0011d7c4,561,2,1,11
917,slang_function_scope_find_by_name,0x00150a7b,126,2,1,11
918,_mesa_adjust_image_for_convolution,0x00058ae3,220,2,1,11
919,_mesa_strcpy,0x000902c8,42,2,1,11
920,_mesa_print_program_parameters,0x001bb332,322,2,1,11
921,_mesa_set_fetch_functions,0x000bc77d,120,2,1,11
922,slang_info_log_warning,0x0015320c,141,2,1,11
923,x87_fldl2e,0x0014a9ac,28,2,1,11
924,_swrast_ReadPixels,0x001226e7,706,2,1,11
925,_mesa_Accum,0x0016aa33,338,2,1,11
926,_swrast_select_line,0x001ac4b5,92,2,1,11
927,_mesa_ProgramEnvParameter4fARB,0x000fc240,388,2,1,11
928,_swrast_culltriangle,0x001391f0,65,2,1,11
929,_slang_realloc,0x001535bb,128,2,1,11
930,_mesa_GenQueriesARB,0x000a0a09,324,2,1,11
931,_mesa_save_CallList,0x00069e79,138,2,1,11
932,x86_init_func,0x0014a4ef,28,2,1,11
933,_swrast_clear_accum_buffer,0x00113b73,496,2,1,11
934,_mesa_WindowPos4fMESA,0x000a124a,40,2,1,11
935,_mesa_apply_stencil_transfer_ops,0x00081f52,243,2,1,11
936,_slang_alloc_var,0x00158ce0,131,2,1,11
937,_mesa_free_texmemory,0x000b7c31,35,2,1,11
938,_mesa_add_aux_renderbuffers,0x000a3968,318,2,1,11
939,_mesa_sin,0x000908f1,10,2,1,11
940,_slang_label_get_location,0x001ba7b0,11,2,1,11
941,_mesa_LogicOp,0x0016f153,203,2,1,11
942,_mesa_init_3dnow_transform_asm,0x0014a228,273,2,1,11
943,_swrast_Accum,0x00114b32,434,2,1,11
944,_mesa_ColorFragmentOp2ATI,0x000fe163,116,2,1,11
945,sse_minps,0x0014b431,51,2,1,11
946,sse_addps,0x0014b35d,51,2,1,11
947,_mesa_update_modelview_project,0x0009418f,440,2,1,11
948,slang_type_specifier_equal,0x001575fe,103,2,1,11
949,slang_string_push,0x00159410,106,2,1,11
950,_mesa_strstr,0x00090323,42,2,1,11
951,_mesa_insert_stencil,0x0005c3c9,472,2,1,11
952,_math_trans_1ub,0x0019a30a,71,2,1,11
953,x87_fsin,0x0014a87c,28,2,1,11
954,_mesa_DeleteBuffersARB,0x00055342,684,2,1,11
955,_mesa_init_shader_state,0x00110a30,29,2,1,11
956,_mesa_Uniform4fARB,0x0018ec48,106,2,1,11
957,_mesa_Map2d,0x00071c7a,82,2,1,11
958,_slang_delete_mempool,0x001533fe,75,2,1,11
959,_math_matrix_is_dirty,0x000c8b80,18,2,1,11
960,_mesa_Map2f,0x00071ccc,82,2,1,11
961,_mesa_add_sampler,0x0010dd3c,251,2,1,11
962,_mesa_CopyTexSubImage3D,0x000b4064,562,2,1,11
963,sse_andnps,0x0014b2ef,51,2,1,11
964,_mesa_ColorTableParameteriv,0x00171131,115,2,1,11
965,_tnl_default_pipeline,0x002bb500,40,1,1,23
966,_swrast_get_dest_rgba,0x00122eac,204,2,1,11
967,_mesa_texstore_rgba8888,0x000c216b,1206,2,1,11
968,_swrast_write_zoomed_z_span,0x0014828f,589,2,1,11
969,_math_trans_1ui,0x0019a2c3,71,2,1,11
970,_mesa_finish_render_texture,0x000b9520,5,2,1,11
971,_mesa_TexParameterfv,0x001956cc,340,2,1,11
972,_slang_typeof_operation,0x00157be1,3002,2,1,11
973,slang_typeinfo_destruct,0x001576bd,38,2,1,11
974,_mesa_make_current,0x00056044,1172,2,1,11
975,_mesa_update_state,0x000a520d,60,2,1,11
976,_mesa_clear_shader_program_data,0x0011306b,135,2,1,11
977,_swrast_validate_derived,0x001185a5,1477,2,1,11
978,_mesa_init_program,0x00107e65,368,2,1,11
979,_swrast_depth_test_span,0x0011b279,40,2,1,11
980,_mesa_ProgramLocalParameters4fvEXT,0x000fbad0,395,2,1,11
981,_mesa_VertexAttribPointerNV,0x000c3759,552,2,1,11
982,_mesa_SampleCoverageARB,0x0009c2d1,215,2,1,11
983,_mesa_update_framebuffer,0x0007ad7c,64,2,1,11
984,vbo_save_destroy,0x000d248a,231,2,1,11
985,_mesa_CopyColorTable,0x00171243,159,2,1,11
986,vbo_exec_invalidate_state,0x000ccb98,63,2,1,11
987,_tnl_init_vertices,0x000f2723,265,2,1,11
988,slang_typeinfo_construct,0x0015753e,75,2,1,11
989,_mesa_PixelTransferf,0x0009c9e7,2795,2,1,11
990,_mesa_make_temp_chan_image,0x000bfb42,857,2,1,11
991,_mesa_texstore_srgba8,0x000c2621,171,2,1,11
992,_mesa_GetVertexAttribdvARB,0x000fc8c7,168,2,1,11
993,_mesa_update_depth_buffer,0x0007aac3,137,2,1,11
994,_mesa_pow,0x000907ea,42,2,1,11
995,_mesa_print_tri_caps,0x0005adc1,479,2,1,11
996,_mesa_PixelTransferi,0x0009d4d2,42,2,1,11
997,_mesa_WindowPos4dvMESA,0x000a104c,42,2,1,11
998,_swrast_choose_aa_line_function,0x001a1ff2,125,2,1,11
999,clip_pipe_unfilled,0x000e12a3,131,2,1,11
1000,vbo_split_copy,0x0019b913,2514,2,1,11
1001,_mesa_ProgramNamedParameter4dNV,0x00103577,77,2,1,11
1002,_slang_free_ir_tree,0x001ba5f6,16,2,1,11
1003,_mesa_FeedbackBuffer,0x000752fd,421,2,1,11
1004,_mesa_buffer_subdata,0x00054f3d,59,2,1,11
1005,_mesa_LoadName,0x000759a5,225,2,1,11
1006,_mesa_scale_and_bias_depth,0x00081d3c,92,2,1,11
1007,_mesa_GetFramebufferAttachmentParameterivEXT,0x000727f2,808,2,1,11
1008,fetch_ext_rgb_dxt1,0x002cab40,4,1,1,24
1009,_mesa_Uniform3fvARB,0x0018e9d7,81,2,1,11
1010,_mesa_strncmp,0x00090221,49,2,1,11
1011,_mesa_pack_index_span,0x000849b9,661,2,1,11
1012,_mesa_map_bitmap_pbo,0x0005401d,62,2,1,11
1013,_mesa_initialize_visual,0x00055a3c,489,2,1,11
1014,_tnl_generic_interp_extras,0x000f61b3,501,2,1,11
1015,x86_inc,0x0014c7a7,98,2,1,11
1016,_mesa_ProgramNamedParameter4dvNV,0x00103528,79,2,1,11
1017,_mesa_copy_map_points1d,0x000710df,161,2,1,11
1018,sse_movaps,0x0014b777,61,2,1,11
1019,_swrast_clear_depth_buffer,0x00118f10,840,2,1,11
1020,_mesa_copy_map_points1f,0x00071180,167,2,1,11
1021,_mesa_num_parameters_of_type,0x0010d430,71,2,1,11
1022,_mesa_VertexAttribPointerARB,0x000c3598,449,2,1,11
1023,x87_fmul,0x0014c30e,65,2,1,11
1024,_mesa_enable_extension,0x00072391,26,2,1,11
1025,_mesa_Uniform2iARB,0x0018eb98,94,2,1,11
1026,_mesa_get_fixed_func_vertex_program,0x00079bf5,1105,2,1,11
1027,_mesa_combine_parameter_lists,0x0010e2f6,181,2,1,11
1028,_mesa_GetAttachedShaders,0x0018f14a,80,2,1,11
1029,_mesa_UniformMatrix2fvARB,0x0018e7cb,119,2,1,11
1030,mmDumpMemInfo,0x0009bf57,420,2,1,11
1031,_mesa_BindFragmentShaderATI,0x000feaae,337,2,1,11
1032,vbo_loopback_vertex_list,0x000d7d68,660,2,1,11
1033,_mesa_texformat_z24_s8,0x002ba1e0,60,1,1,19
1034,vbo_exec_array_init,0x000d1031,55,2,1,11
1035,sse2_packssdw,0x0014b007,59,2,1,11
1036,_mesa_pack_rgba_span_float,0x00084c4e,20408,2,1,11
1037,_mesa_Ortho,0x000950ad,281,2,1,11
1038,_mesa_reference_program,0x00106e20,145,2,1,11
1039,_math_de_casteljau_surf,0x00195970,4463,2,1,11
1040,_mesa_texstore_rgb332,0x000c01ec,507,2,1,11
1041,_mesa_update_default_objects_program,0x00107a03,280,2,1,11
1042,_mesa_alloc_opcode,0x0005c8e0,84,2,1,11
1043,_mesa_GetProgramLocalParameterdvARB,0x000fba49,135,2,1,11
1044,slang_struct_copy,0x0015193d,183,2,1,11
1045,_mesa_realloc,0x00090bb9,122,2,1,11
1046,_mesa_Fogf,0x0007a668,42,2,1,11
1047,_swrast_Quad,0x00117f55,94,2,1,11
1048,_mesa_WindowPos2sMESA,0x000a1352,47,2,1,11
1049,_mesa_init_fog,0x0007a050,108,2,1,11
1050,_swrast_span_default_attribs,0x001233d5,1025,2,1,11
1051,mmFreeMem,0x0009c0fb,416,2,1,11
1052,_mesa_Fogi,0x0007a638,48,2,1,11
1053,grammar_string_length,0x000ff17c,35,2,1,11
1054,_swrast_DrawPixels,0x0011d52f,661,2,1,11
1055,_mesa_GenFragmentShadersATI,0x000fed0f,214,2,1,11
1056,_swrast_ResetLineStipple,0x0011804c,24,2,1,11
1057,_mesa_noise1,0x0010d351,221,2,1,11
1058,_mesa_texformat_rgb_dxt1,0x002b4be0,60,1,1,19
1059,_mesa_noise2,0x0010d10f,578,2,1,11
1060,_mesa_init_teximage_fields,0x000b5edf,406,2,1,11
1061,_mesa_noise3,0x0010cca7,1128,2,1,11
1062,_mesa_noise4,0x0010c5d7,1744,2,1,11
1063,_swrast_write_index_span,0x001237d6,2277,2,1,11
1064,_mesa_init_colortable,0x00170e50,35,2,1,11
1065,_slang_new_var_table,0x00158f8a,46,2,1,11
1066,x87_fld,0x0014ae3a,95,2,1,11
1067,x87_fxtract,0x0014a828,28,2,1,11
1068,_mesa_LoadIdentity,0x00094e1c,146,2,1,11
1069,_mesa_init_sqrt_table,0x0009081e,144,2,1,11
1070,_mesa_transform_rgba,0x00081ae5,276,2,1,11
1071,x87_fsubp,0x0014bef4,152,2,1,11
1072,_tnl_DestroyContext,0x000e1686,74,2,1,11
1073,_mesa_copy_map_points2d,0x00070e47,325,2,1,11
1074,_swrast_CopyColorSubTable,0x0011dad5,263,2,1,11
1075,vbo_exec_vtx_wrap,0x000ce528,202,2,1,11
1076,_mesa_print_info,0x0005b2a3,242,2,1,11
1077,x87_fchs,0x0014a8ec,28,2,1,11
1078,x87_fsubr,0x0014c28c,65,2,1,11
1079,_mesa_unreference_framebuffer,0x0007b2a0,142,2,1,11
1080,_tnl_RenderClippedLine,0x000e9b60,37,2,1,11
1081,_mesa_end_query,0x0009fe25,12,2,1,11
1082,_mesa_copy_map_points2f,0x00070f8c,339,2,1,11
1083,_swrast_CopyPixels,0x00117d55,503,2,1,11
1084,x86_jmp,0x0014a6d5,71,2,1,11
1085,slang_struct_scope_find,0x001516dc,135,2,1,11
1086,_mesa_print_parameter_list,0x001bb1ae,323,2,1,11
1087,_mesa_unmap_bitmap_pbo,0x0005405b,44,2,1,11
1088,_mesa_GetQueryObjectui64vEXT,0x000a01a0,291,2,1,11
1089,MAX_FOR_LOOP_UNROLL_COMPLEXITY,0x002a38a4,4,1,1,13
1090,_slang_print_ir_tree,0x001ba007,1448,2,1,11
1091,_mesa_GetError,0x0007b810,101,2,1,11
1092,_mesa_AlphaFragmentOp1ATI,0x000fe07a,120,2,1,11
1093,_swrast_get_values,0x00122cae,228,2,1,11
1094,_swrast_CreateContext,0x0011829a,420,2,1,11
1095,_mesa_PrioritizeTextures,0x000b8dc9,299,2,1,11
1096,_mesa_init_color,0x0016eda1,275,2,1,11
1097,x87_fxch,0x0014bb56,106,2,1,11
1098,_mesa_nv_vertex_input_register_name,0x00103e8e,26,2,1,11
1099,_mesa_CallList,0x0006fee7,189,2,1,11
1100,_mesa_convolve_sep_image,0x000583fb,1768,2,1,11
1101,_mesa_TrackMatrixNV,0x00102320,401,2,1,11
1102,_mesa_DeleteVertexArraysAPPLE,0x0016e84d,463,2,1,11
1103,_mesa_GetAttachedObjectsARB,0x0018f19a,80,2,1,11
1104,_mesa_ConvolutionParameterfv,0x0005978d,601,2,1,11
1105,_mesa_clip_np_tab,0x002d46a0,20,1,1,24
1106,sse_addss,0x0014b322,59,2,1,11
1107,_mesa_GetConvolutionParameterfv,0x00058eb3,718,2,1,11
1108,_swrast_print_vertex,0x00118130,5,2,1,11
1109,_mesa_texformat_alpha_float16,0x002b9a60,60,1,1,19
1110,_mesa_get_attachment,0x00072662,115,2,1,11
1111,_mesa_vector4f_free,0x0019ae9a,77,2,1,11
1112,slang_function_scope_find,0x00150d1c,241,2,1,11
1113,_mesa_print_uniforms,0x001a1680,136,2,1,11
1114,_tnl_run_pipeline,0x000e17f9,371,2,1,11
1115,_swrast_Triangle,0x00117fb3,47,2,1,11
1116,clip_pipe_flatshade,0x000df180,131,2,1,11
1117,_mesa_BindVertexArrayAPPLE,0x0016eb90,267,2,1,11
1118,x87_fucompp,0x0014a924,28,2,1,11
1119,_mesa_texstore_argb8888,0x000c19e2,1929,2,1,11
1120,_mesa_longest_parameter_name,0x0010d477,120,2,1,11
1121,_mesa_insert_instructions,0x001074c6,250,2,1,11
1122,_mesa_ProgramStringARB,0x000fd17a,413,2,1,11
1123,_mesa_CompressedTexImage2DARB,0x000b6427,990,2,1,11
1124,_slang_is_swizzle,0x00157aa6,315,2,1,11
1125,_slang_is_temp,0x001587fd,173,2,1,11
1126,_ae_map_vbos,0x0015c39e,124,2,1,11
1127,_mesa_WindowPos3iMESA,0x000a12c8,46,2,1,11
1128,_mesa_ProgramLocalParameter4dvARB,0x000fbdd0,72,2,1,11
1129,_mesa_GetPixelMapfv,0x0009e256,469,2,1,11
1130,_mesa_free_matrix_data,0x00093fb6,133,2,1,11
1131,_mesa_map_ci8_to_rgba8,0x00081c96,166,2,1,11
1132,_math_matrix_analyse,0x000c9555,1408,2,1,11
1133,_mesa_init_feedback,0x000750ee,108,2,1,11
1134,_mesa_unmap_teximage_pbo,0x000bc526,44,2,1,11
1135,_mesa_TexParameteriv,0x001953c5,488,2,1,11
1136,_mesa_TexImage1D,0x000b786e,927,2,1,11
1137,_mesa_LineWidth,0x00093ce1,246,2,1,11
1138,_mesa_project_points,0x000cbe64,110,2,1,11
1139,_mesa_texformat_a8,0x002ba060,60,1,1,19
1140,_mesa_GetPolygonStipple,0x0009fac0,370,2,1,11
1141,_mesa_PopAttrib,0x0016bbd6,7599,2,1,11
1142,_mesa_VertexPointer,0x000c454b,438,2,1,11
1143,_mesa_WindowPos2dMESA,0x000a13df,47,2,1,11
1144,_mesa_enable_1_3_extensions,0x00072007,64,2,1,11
1145,_slang_adapt_call,0x00155ed9,622,2,1,11
1146,_mesa_delete_buffer_object,0x000555ee,72,2,1,11
1147,_mesa_init_texture_s3tc,0x000a7014,451,2,1,11
1148,slang_string_reset,0x001590b0,19,2,1,11
1149,vbo_exec_vtx_init,0x000d09b9,934,2,1,11
1150,_swrast_compute_lambda,0x0012330d,200,2,1,11
1151,_mesa_update_framebuffer_visual,0x0007ab4c,264,2,1,11
1152,_mesa_RasterPos2dv,0x000a16c9,49,2,1,11
1153,_tnl_render_tab_elts,0x002bb580,44,1,1,23
1154,_swrast_mask_ci_span,0x0011fb6c,243,2,1,11
1155,_mesa_free_framebuffer_data,0x0007b415,291,2,1,11
1156,_swrast_feedback_point,0x001ac607,74,2,1,11
1157,vf_generate_sse_emit,0x000db936,4419,2,1,11
1158,_mesa_strlen,0x0009027c,27,2,1,11
1159,grammar_alloc_malloc,0x000ff384,35,2,1,11
1160,slang_operation_construct,0x001511ce,127,2,1,11
1161,_mesa_generate_mipmap,0x0009b655,1532,2,1,11
1162,_mesa_get_proxy_tex_image,0x000b1c01,990,2,1,11
1163,_mesa_StencilOpSeparate,0x000a56c6,556,2,1,11
1164,_mesa_alloc_texmemory,0x000b7c94,43,2,1,11
1165,_mesa_Minmax,0x0007d0cb,286,2,1,11
1166,_mesa_DeleteQueriesARB,0x000a08f6,275,2,1,11
1167,sse_rsqrtps,0x0014b289,51,2,1,11
1168,_mesa_LinkProgramARB,0x0018edc6,59,2,1,11
1169,x87_fprndint,0x0014a8b4,28,2,1,11
1170,_mesa_is_legal_format_and_type,0x00081444,662,2,1,11
1171,_mesa_WindowPos3fvMESA,0x000a10d6,48,2,1,11
1172,slang_variable_scope_grow,0x00151f90,116,2,1,11
1173,_mesa_IndexPointer,0x000c3f44,337,2,1,11
1174,_math_horner_bezier_curve,0x00196b19,279,2,1,11
1175,_math_matrix_set_identity,0x000c908a,111,2,1,11
1176,_swrast_logicop_rgba_span,0x001aede0,3156,2,1,11
1177,_mesa_free_texture_data,0x000ba612,183,2,1,11
1178,_mesa_texstore_srgb8,0x000bc472,180,2,1,11
1179,_mesa_copy_texture_state,0x000bb7ea,1447,2,1,11
1180,_mesa_validate_pbo_access,0x00054e04,228,2,1,11
1181,vf_generate_hardwired_emit,0x000da17f,380,2,1,11
1182,_mesa_bitcount,0x0008fe07,30,2,1,11
1183,clip_set_render,0x000dd16d,94,2,1,11
1184,_mesa_ColorFragmentOp1ATI,0x000fe1d7,119,2,1,11
1185,_mesa_TexImage2D,0x000b743f,1071,2,1,11
1186,_mesa_get_compressed_teximage,0x000bc95c,274,2,1,11
1187,_mesa_WindowPos4svMESA,0x000a0fce,42,2,1,11
1188,_tnl_CreateContext,0x000e16d0,196,2,1,11
1189,_mesa_strncpy,0x00090297,49,2,1,11
1190,_mesa_new_renderbuffer,0x000a38db,68,2,1,11
1191,_mesa_feedback_vertex,0x00074ea0,534,2,1,11
1192,vbo_split_inplace,0x0019c462,1250,2,1,11
1193,_mesa_ProgramNamedParameter4fNV,0x00103402,294,2,1,11
1194,_tnl_wakeup,0x000e159b,43,2,1,11
1195,_mesa_DepthRange,0x00094347,332,2,1,11
1196,_mesa_PolygonMode,0x0009f732,470,2,1,11
1197,vf_emit_vertices,0x000d809e,34,2,1,11
1198,_swrast_read_depth_span_float,0x00119478,510,2,1,11
1199,slang_variable_destruct,0x00151bb9,70,2,1,11
1200,_mesa_unpack_index_span,0x0008ad3e,460,2,1,11
1201,_mesa_GenRenderbuffersEXT,0x00073bb4,253,2,1,11
1202,_mesa_texformat_argb8888_rev,0x002b9ce0,60,1,1,19
1203,_mesa_Uniform2ivARB,0x0018e8e4,81,2,1,11
1204,_mesa_parse_arb_fragment_program,0x000fb74f,453,2,1,11
1205,_mesa_texformat_rgb,0x002b96e0,60,1,1,19
1206,_mesa_unlock_context_textures,0x000b7de8,93,2,1,11
1207,_mesa_buffer_data,0x00054f78,117,2,1,11
1208,_math_init_transformation,0x000cc111,717,2,1,11
1209,_mesa_ListBase,0x0005f250,124,2,1,11
1210,_mesa_WindowPos3ivMESA,0x000a10a6,48,2,1,11
1211,_mesa_texformat_alpha_float32,0x002b9a20,60,1,1,19
1212,_mesa_add_accum_renderbuffer,0x000a3aa6,250,2,1,11
1213,_mesa_update_texture,0x000ba9df,2522,2,1,11
1214,grammar_memory_copy,0x000ff2f7,49,2,1,11
1215,_mesa_add_parameter,0x0010d8f4,549,2,1,11
1216,_mesa_choose_tex_format,0x000af6e4,1736,2,1,11
1217,grammar_fast_check,0x00100a2a,47,2,1,11
1218,_mesa_set_viewport,0x00094493,314,2,1,11
1219,_mesa_texformat_argb8888,0x002b9ca0,60,1,1,19
1220,vf_register_fastpath,0x000d86cf,237,2,1,11
1221,slang_fully_specified_type_construct,0x0015724d,49,2,1,11
1222,_mesa_init_depth,0x0005b3a0,40,2,1,11
1223,_mesa_ClearAccum,0x0016a8b5,382,2,1,11
1224,_mesa_delete_query,0x000a0b4d,35,2,1,11
1225,vbo_exec_vtx_flush,0x000d1580,1710,2,1,11
1226,_mesa_LoadMatrixd,0x00094dda,66,2,1,11
1227,_swrast_copy_texsubimage1d,0x001389b7,678,2,1,11
1228,sse_mulps,0x0014b3cb,51,2,1,11
1229,x87_fldcw,0x0014c34f,169,2,1,11
1230,_mesa_DeleteHashTable,0x0007c77c,193,2,1,11
1231,_mesa_LoadMatrixf,0x00094cb9,163,2,1,11
1232,_math_matrix_mul_floats,0x000c7f65,33,2,1,11
1233,mmx_movd,0x0014b6b2,68,2,1,11
1234,_tnl_get_attr,0x000f282c,204,2,1,11
1235,_mesa_image_image_stride,0x0008179f,144,2,1,11
1236,_mesa_align_malloc,0x00090a07,52,2,1,11
1237,_mesa_image_row_stride,0x000816da,197,2,1,11
1238,_mesa_texformat_ycbcr_rev,0x002ba1a0,60,1,1,19
1239,_mesa_texstore_rgba5551,0x000c0a9c,550,2,1,11
1240,x87_fdiv,0x0014c20a,65,2,1,11
1241,_mesa_GetMapdv,0x000717ee,457,2,1,11
1242,sse_movups,0x0014b73a,61,2,1,11
1243,_math_trans_4ub,0x0019a351,82,2,1,11
1244,_mesa_ffs,0x00090778,35,2,1,11
1245,_mesa_texformat_s8_z24,0x002ba220,60,1,1,19
1246,_mesa_free_shader_program_data,0x001130f2,221,2,1,11
1247,_mesa_TexImage3D,0x000b704f,910,2,1,11
1248,_mesa_GetHistogram,0x000807de,708,2,1,11
1249,_mesa_TexSubImage1D,0x000b4fdb,618,2,1,11
1250,_mesa_texstore_z16,0x000beead,468,2,1,11
1251,_mesa_install_exec_vtxfmt,0x000c514e,44,2,1,11
1252,_mesa_IsProgramARB,0x000fd317,126,2,1,11
1253,_tnl_install_pipeline,0x000e196c,149,2,1,11
1254,slang_struct_construct,0x001518b4,137,2,1,11
1255,_slang_new_mempool,0x00153449,101,2,1,11
1256,_mesa_transform_tab,0x002d46c8,20,1,1,24
1257,sse_movhlps,0x0014c510,125,2,1,11
1258,sse_subps,0x0014b3fe,51,2,1,11
1259,grammar_string_copy,0x000ff213,42,2,1,11
1260,sse_divss,0x0014b464,59,2,1,11
1261,_mesa_DrawBuffersARB,0x0017034d,540,2,1,11
1262,_mesa_ColorTable,0x00172bd3,2116,2,1,11
1263,_mesa_load_tracked_matrices,0x0010e867,424,2,1,11
1264,mmx_movq,0x0014b66e,68,2,1,11
1265,x87_fyl2x,0x0014a7f0,28,2,1,11
1266,_mesa_RasterPos3dv,0x000a1606,48,2,1,11
1267,slang_fully_specified_type_destruct,0x0015796d,38,2,1,11
1268,_mesa_PointSize,0x0009f4a3,211,2,1,11
1269,_mesa_update_lighting,0x00090fe2,329,2,1,11
1270,_mesa_init_scissor,0x000a4968,55,2,1,11
1271,_mesa_CreateProgram,0x0018f475,50,2,1,11
1272,_mesa_PixelStoref,0x0009edd4,61,2,1,11
1273,_swrast_span_interpolate_z,0x00122b20,153,2,1,11
1274,_mesa_ConvolutionParameteriv,0x000593e7,607,2,1,11
1275,_mesa_new_shader,0x001120ea,120,2,1,11
1276,_mesa_PixelStorei,0x0009e558,2172,2,1,11
1277,_mesa_RasterPos2fv,0x000a1698,49,2,1,11
1278,_mesa_validate_pbo_compressed_teximage,0x000bc8a5,183,2,1,11
1279,_mesa_UpdateTexEnvProgram,0x000ab9af,168,2,1,11
1280,_mesa_initialize_buffer_object,0x00054fed,78,2,1,11
1281,_math_trans_4us,0x0019a3f0,82,2,1,11
1282,_math_trans_1f,0x0019a27c,71,2,1,11
1283,_mesa_strdup,0x00090b5f,90,2,1,11
1284,x87_fucom,0x0014bc2a,106,2,1,11
1285,_mesa_unpack_color_span_chan,0x0008f381,1808,2,1,11
1286,_mesa_GetConvolutionParameteriv,0x00058bbf,756,2,1,11
1287,slang_struct_scope_destruct,0x00151869,75,2,1,11
1288,_tnl_UpdateFixedFunctionProgram,0x000f1c6c,111,2,1,11
1289,_mesa_ProgramEnvParameter4dvARB,0x000fc40c,72,2,1,11
1290,_mesa_exit,0x0008ff01,29,2,1,11
1291,_ae_invalidate_state,0x0015bddc,101,2,1,11
1292,x87_fdivp,0x0014bd2c,152,2,1,11
1293,_mesa_share_state,0x00055e88,182,2,1,11
1294,_mesa_delete_program_cache,0x001082d7,64,2,1,11
1295,_swrast_copy_texsubimage2d,0x001386ef,712,2,1,11
1296,_mesa_DetachShader,0x0018f2b4,66,2,1,11
1297,_mesa_FramebufferTexture2DEXT,0x000742b3,172,2,1,11
1298,_mesa_enable_2_0_extensions,0x000720dc,64,2,1,11
1299,x87_fdivr,0x0014c1c9,65,2,1,11
1300,_mesa_PopClientAttrib,0x0016ad6f,618,2,1,11
1301,_mesa_texformat_rgb_float16,0x002b99e0,60,1,1,19
1302,clip_pipe_reset_vertex_indices,0x000ddf21,64,2,1,11
1303,_mesa_nv_fragment_output_register_name,0x0019df76,26,2,1,11
1304,_mesa_add_color_index_renderbuffers,0x000a3fee,367,2,1,11
1305,x87_fscale,0x0014a898,28,2,1,11
1306,clip_create_prim_render,0x000de260,222,2,1,11
1307,_mesa_TexSubImage2D,0x000b4d85,598,2,1,11
1308,_mesa_add_varying,0x0010dcaa,146,2,1,11
1309,_mesa_EnableClientState,0x00177e49,95,2,1,11
1310,_mesa_asinf,0x000908bc,33,2,1,11
1311,_mesa_LineStipple,0x00093bf3,238,2,1,11
1312,clip_get_hw_vf,0x000dca80,14,2,1,11
1313,_mesa_WindowPos2dvMESA,0x000a11c9,49,2,1,11
1314,_mesa_init_driver_functions,0x0014978a,1624,2,1,11
1315,clip_destroy,0x000dd1cb,114,2,1,11
1316,__driDriverExtensions,0x002bb1bc,16,1,1,23
1317,_mesa_init_stencil,0x000a5348,256,2,1,11
1318,_mesa_texformat_luminance,0x002b9760,60,1,1,19
1319,_mesa_free_shader_program,0x001131cf,59,2,1,11
1320,_mesa_print_nv_vertex_instruction,0x00104091,655,2,1,11
1321,clip_pipe_alloc_tmps,0x000de087,114,2,1,11
1322,__driConfigOptions,0x0025de60,9277,1,1,13
1323,_mesa_free_attrib_data,0x0016ac24,218,2,1,11
1324,_tnl_vertex_transform_stage,0x002b5128,24,1,1,19
1325,_mesa_ubyte_to_float_color_tab,0x002d42a0,1024,1,1,24
1326,_mesa_Uniform1fARB,0x0018ed74,82,2,1,11
1327,_math_matrix_ctr,0x000c8d2e,111,2,1,11
1328,_mesa_initialize_context,0x00056e41,2503,2,1,11
1329,slang_info_log_print,0x0015332a,116,2,1,11
1330,x86_init_func_size,0x0014a559,63,2,1,11
1331,_mesa_apply_ci_transfer_ops,0x00081eec,102,2,1,11
1332,sse2_pshufd,0x0014b0b8,87,2,1,11
1333,_mesa_VertexPointerEXT,0x000c4c9f,56,2,1,11
1334,mmFindBlock,0x0009bc60,49,2,1,11
1335,_mesa_upscale_teximage2d,0x00095300,178,2,1,11
1336,_swrast_render_finish,0x0011819e,62,2,1,11
1337,_math_matrix_has_rotation,0x000c8b60,15,2,1,11
1338,_mesa_add_uniform,0x0010de37,145,2,1,11
1339,_swrast_copy_texsubimage3d,0x001383de,785,2,1,11
1340,sse_rsqrtss,0x0014b24e,59,2,1,11
1341,_mesa_texstore_rgba4444,0x000c0f51,548,2,1,11
1342,_mesa_GetInfoLogARB,0x0018f73f,193,2,1,11
1343,_mesa_RenderMode,0x00075606,516,2,1,11
1344,_mesa_init_hint,0x0007c890,98,2,1,11
1345,x86_deref,0x0014cad7,66,2,1,11
1346,_mesa_CompressedTexSubImage2DARB,0x000b3bed,586,2,1,11
1347,_mesa_update_tnl_spaces,0x000916e4,217,2,1,11
1348,_mesa_GetMapfv,0x00071644,426,2,1,11
1349,_mesa_StencilOp,0x000a59d2,623,2,1,11
1350,_mesa_texstore_z32,0x000bf081,472,2,1,11
1351,_mesa_GetClipPlane,0x001709d0,193,2,1,11
1352,_mesa_RasterPos4dv,0x000a154c,42,2,1,11
1353,_mesa_inv_sqrtf,0x0008fdba,77,2,1,11
1354,_mesa_TexSubImage3D,0x000b4b3f,582,2,1,11
1355,_mesa_TexEnvfv,0x001901b7,5019,2,1,11
1356,_mesa_free_uniform_list,0x001a18f6,88,2,1,11
1357,_mesa_ClearIndex,0x001706fd,197,2,1,11
1358,_swrast_set_aa_triangle_function,0x001a4369,151,2,1,11
1359,_mesa_print_alu_instruction,0x001bbda9,41,2,1,11
1360,_mesa_LoadTransposeMatrixfARB,0x00094d9b,63,2,1,11
1361,_mesa_light,0x000930e8,1588,2,1,11
1362,slang_variable_scope_destruct,0x00151bff,100,2,1,11
1363,_mesa_RasterPos3fv,0x000a15d6,48,2,1,11
1364,_mesa_rescale_teximage2d,0x000953b2,1786,2,1,11
1365,_slang_sizeof_type_specifier,0x001b02ca,232,2,1,11
1366,_mesa_BlitFramebufferEXT,0x00072cbf,578,2,1,11
1367,_mesa_IsBufferARB,0x00054d76,142,2,1,11
1368,_mesa_DeleteFragmentShaderATI,0x000febff,272,2,1,11
1369,_tnl_generic_interp,0x000f5fc8,455,2,1,11
1370,_math_matrix_print,0x000c9d88,197,2,1,11
1371,_mesa_scale_and_bias_depth_uint,0x00081d98,162,2,1,11
1372,_tnl_invalidate_vertices,0x000f1f46,23,2,1,11
1373,_mesa_GetVertexAttribdvNV,0x00102b4c,456,2,1,11
1374,_mesa_init_histogram,0x0007cde9,206,2,1,11
1375,_mesa_CallLists,0x0006fe1b,204,2,1,11
1376,x86_fn_arg,0x0014ca67,112,2,1,11
1377,sse_xorps,0x0014b1e8,51,2,1,11
1378,_mesa_update_state_locked,0x000a4a40,1997,2,1,11
1379,_mesa_DepthFunc,0x0005b59c,203,2,1,11
1380,_mesa_init_pixelstore,0x0009e430,296,2,1,11
1381,grammar_string_compare,0x000ff2a1,42,2,1,11
1382,_mesa_vsprintf,0x00090031,65,2,1,11
1383,slang_type_specifier_type_from_string,0x00157a5b,75,2,1,11
1384,_mesa_memset,0x0009095f,49,2,1,11
1385,_slang_add_variable,0x00158d63,179,2,1,11
1386,_slang_aggregate_variable,0x00156de7,1023,2,1,11
1387,x87_fmulp,0x0014bf8c,152,2,1,11
1388,_mesa_is_color_format,0x000b13d9,296,2,1,11
1389,_mesa_texformat_rgb_float32,0x002b99a0,60,1,1,19
1390,_mesa_malloc,0x00090b3c,35,2,1,11
1391,sse_mulss,0x0014b390,59,2,1,11
1392,_mesa_GetActiveAttribARB,0x0018f24f,101,2,1,11
1393,_mesa_print_instruction_opt,0x001bbdd2,2037,2,1,11
1394,_mesa_texformat_rgba_float16,0x002b9960,60,1,1,19
1395,_swrast_choose_blend_func,0x001a98d8,712,2,1,11
1396,_mesa_lookup_rgba_float,0x000830be,988,2,1,11
1397,_swrast_update_texture_samplers,0x00118541,100,2,1,11
1398,_mesa_texstore_rgb565,0x000c26cc,1060,2,1,11
1399,_mesa_SelectBuffer,0x0007515a,223,2,1,11
1400,sse_pmovmskb,0x0014b10f,59,2,1,11
1401,_mesa_GetBufferPointervARB,0x0005415b,309,2,1,11
1402,_mesa_ProgramEnvParameter4dARB,0x000fc454,70,2,1,11
1403,_mesa_type_is_packed,0x00080e70,81,2,1,11
1404,_tnl_need_projected_coords,0x000e15c6,23,2,1,11
1405,_math_matrix_dtr,0x000c90f9,78,2,1,11
1406,x86_add,0x0014b876,42,2,1,11
1407,_mesa_map_rgba,0x00081985,352,2,1,11
1408,_swrast_DestroyContext,0x0011822a,112,2,1,11
1409,mmx_packuswb,0x0014b91e,155,2,1,11
1410,_mesa_StencilFuncSeparate,0x000a5543,387,2,1,11
1411,slang_operation_grow,0x00151382,160,2,1,11
1412,x86_ret,0x0014a688,21,2,1,11
1413,_mesa_BlendFuncSeparateEXT,0x0016f6f1,837,2,1,11
1414,_tnl_get_vertex,0x000f1ea9,30,2,1,11
1415,_mesa_set_texture_attachment,0x00073e00,208,2,1,11
1416,_mesa_new_z24_renderbuffer_wrapper,0x0005c7fa,215,2,1,11
1417,_mesa_free_shader_state,0x001133ce,53,2,1,11
1418,_mesa_add_named_constant,0x0010e01e,224,2,1,11
1419,_swrast_logicop_ci_span,0x001afa34,1283,2,1,11
1420,_mesa_NormalPointerEXT,0x000c451a,49,2,1,11
1421,_mesa_print_program,0x001bc6ef,51,2,1,11
1422,_mesa_CopyTexImage1D,0x000b6e09,582,2,1,11
1423,_mesa_RasterPos2iv,0x000a1667,49,2,1,11
1424,_mesa_ClearColor,0x00170570,397,2,1,11
1425,_math_trans_4f,0x0019a442,82,2,1,11
1426,_mesa_GetRenderbufferParameterivEXT,0x00072b1a,421,2,1,11
1427,_tnl_generic_copy_pv,0x000f63a8,153,2,1,11
1428,_mesa_init_dlist_table,0x0005ff0c,6779,2,1,11
1429,vbo_save_NotifyBegin,0x000d2fcc,271,2,1,11
1430,_slang_ir_info,0x001b9e78,88,2,1,11
1431,_mesa_AreTexturesResident,0x000b8c39,400,2,1,11
1432,_mesa_DepthMask,0x0005b4f0,172,2,1,11
1433,_mesa_cos,0x000908dd,10,2,1,11
1434,_mesa_enable_2_1_extensions,0x0007211c,29,2,1,11
1435,_mesa_GetTexEnvfv,0x0018ff8f,552,2,1,11
1436,sse2_rcpps,0x0014af5e,51,2,1,11
1437,_mesa_HashFindFreeKeyBlock,0x0007c336,190,2,1,11
1438,x87_fcom,0x0014ad1d,95,2,1,11
1439,_math_matrix_viewport,0x000c8adf,114,2,1,11
1440,_mesa_lock_context_textures,0x000b7e45,83,2,1,11
1441,slang_atom_pool_atom,0x001590e9,225,2,1,11
1442,x86_or,0x0014b822,42,2,1,11
1443,clip_pipe_offset,0x000df744,124,2,1,11
1444,_mesa_IsTexture,0x000b8bb5,132,2,1,11
1445,_mesa_ReadPixels,0x0018e10b,599,2,1,11
1446,_mesa_GetFloatv,0x0017f3da,30235,2,1,11
1447,_mesa_RasterPos4fv,0x000a1522,42,2,1,11
1448,x87_fcos,0x0014a8d0,28,2,1,11
1449,_slang_sizeof_aggregate,0x00156b9e,125,2,1,11
1450,_mesa_Scissor,0x000a499f,161,2,1,11
1451,_mesa_Enable,0x00177d83,103,2,1,11
1452,x86_mov_reg_imm,0x0014c8eb,119,2,1,11
1453,_swrast_blend_span,0x001a9ba0,132,2,1,11
1454,_mesa_validate_DrawElements,0x0016a6d9,432,2,1,11
1455,x87_fnclex,0x0014a940,28,2,1,11
1456,_mesa_new_array_object,0x0016ecbe,75,2,1,11
1457,_slang_type_dim,0x00157321,72,2,1,11
1458,_slang_label_new,0x001ba9f1,73,2,1,11
1459,slang_string_init,0x00159090,32,2,1,11
1460,_mesa_init_point,0x0009ee20,151,2,1,11
1461,_tnl_free_vertices,0x000f1f75,138,2,1,11
1462,_mesa_print_program_opt,0x001bc5c7,296,2,1,11
1463,_mesa_DisableVertexAttribArrayARB,0x000fc96f,219,2,1,11
1464,_mesa_max_texture_levels,0x000b1756,197,2,1,11
1465,_mesa_Uniform3iARB,0x0018eb34,100,2,1,11
1466,_tnl_notify_pipeline_output_change,0x000f1f5d,24,2,1,11
1467,_mesa_PixelMapuiv,0x0009db93,691,2,1,11
1468,x87_fst,0x0014addb,95,2,1,11
1469,_mesa_new_texture_image,0x000b7c0d,36,2,1,11
1470,_mesa_CopyTexImage2D,0x000b6bb9,592,2,1,11
1471,x86_jmp_forward,0x0014a760,68,2,1,11
1472,_mesa_update_default_objects_buffer_objects,0x000552e6,92,2,1,11
1473,_mesa_WindowPos3fMESA,0x000a12f6,46,2,1,11
1474,slang_replace_scope,0x00151052,185,2,1,11
1475,_mesa_components_in_format,0x00081121,200,2,1,11
1476,x86_mov,0x0014b8f4,42,2,1,11
1477,_mesa_test_texobj_completeness,0x000b822f,1913,2,1,11
1478,_mesa_init_transform,0x00093de0,164,2,1,11
1479,_mesa_texstore_argb4444,0x000c0cc2,655,2,1,11
1480,_mesa_WindowPos2svMESA,0x000a1136,49,2,1,11
1481,x86_push,0x0014c87a,113,2,1,11
1482,_mesa_GetTexImage,0x000b5a32,1197,2,1,11
1483,_mesa_map_drawpix_pbo,0x00054087,62,2,1,11
1484,_mesa_init_buffer_objects,0x0005567d,94,2,1,11
1485,_mesa_pack_depth_span,0x00084197,957,2,1,11
1486,_mesa_texformat_rgba_float32,0x002b9920,60,1,1,19
1487,_swrast_render_primitive,0x001181dc,78,2,1,11
1488,_mesa_delete_renderbuffer,0x000a2fd2,59,2,1,11
1489,_mesa_polygon_stipple,0x0009fc32,319,2,1,11
1490,clip_set_hw_vertex_format,0x000dd484,184,2,1,11
1491,_mesa_writemask_string,0x001bb0c4,121,2,1,11
1492,_mesa_GetMapiv,0x0007149a,426,2,1,11
1493,_mesa_GetTexLevelParameterfv,0x00194f7b,64,2,1,11
1494,_mesa_texformat_sl8,0x002b98a0,60,1,1,19
1495,slang_type_specifier_type_to_string,0x001571f0,65,2,1,11
1496,_mesa_Fogfv,0x0007a0bc,1256,2,1,11
1497,_mesa_program_state_flags,0x0010ea0f,258,2,1,11
1498,_mesa_validate_pbo_teximage,0x000bd4d8,244,2,1,11
1499,_mesa_ProgramParameters4fvNV,0x001024b1,253,2,1,11
1500,_mesa_TexEnviv,0x00191552,138,2,1,11
1501,_mesa_texformat_ci8,0x002ba120,60,1,1,19
1502,grammar_get_last_error,0x000ff0c6,182,2,1,11
1503,_mesa_UnlockArraysEXT,0x000c32f4,207,2,1,11
1504,_swrast_Point,0x0011800a,33,2,1,11
1505,_slang_preprocess_directives,0x00155df9,186,2,1,11
1506,_mesa_free_parameter_list,0x0010e157,125,2,1,11
1507,_mesa_evaluator_components,0x00070630,97,2,1,11
1508,_mesa_RasterPos3iv,0x000a15a6,48,2,1,11
1509,_mesa_GetVertexAttribivARB,0x000fc7e4,227,2,1,11
1510,_mesa_AlphaFunc,0x0016f21e,283,2,1,11
1511,_mesa_Rotated,0x00094b1e,56,2,1,11
1512,_mesa_free_colortables_data,0x00170f3b,120,2,1,11
1513,_mesa_new_ati_fragment_shader,0x000fea7a,52,2,1,11
1514,_mesa_parse_nv_fragment_program,0x001a00f7,5505,2,1,11
1515,_mesa_Rotatef,0x00094a64,186,2,1,11
1516,_mesa_print_nv_fragment_program,0x0019e3e7,1129,2,1,11
1517,_math_matrix_rotate,0x000c9ad5,589,2,1,11
1518,_tnl_fog_coordinate_stage,0x002b516c,24,1,1,19
1519,_mesa_count_texture_instructions,0x0010ffb3,69,2,1,11
1520,_mesa_swizzle_string,0x001baf86,318,2,1,11
1521,_slang_sizeof_type,0x00156b7b,35,2,1,11
1522,_mesa_GetPointerv,0x0007b875,850,2,1,11
1523,_mesa_noop_EvalMesh1,0x00169e72,286,2,1,11
1524,_mesa_lookup_enum_by_nr,0x000705a3,134,2,1,11
1525,_mesa_new_parameter_list,0x0010e1d4,36,2,1,11
1526,_mesa_noop_EvalMesh2,0x00169a8d,997,2,1,11
1527,vbo_exec_FlushVertices,0x000cce93,125,2,1,11
1528,sse2_packuswb,0x0014af91,59,2,1,11
1529,_mesa_IsVertexArrayAPPLE,0x0016e738,161,2,1,11
1530,_mesa_texstore_a8,0x000bfe9b,699,2,1,11
1531,_mesa_add_stencil_renderbuffer,0x000a3ba0,240,2,1,11
1532,_mesa_SecondaryColorPointerEXT,0x000c3db1,403,2,1,11
1533,_mesa_GetProgramivARB,0x000fcb21,1369,2,1,11
1534,_mesa_ResetHistogram,0x0007cfc4,263,2,1,11
1535,_mesa_ClearDepth,0x0005b667,215,2,1,11
1536,_mesa_add_state_reference,0x0010db19,229,2,1,11
1537,slang_operation_new,0x00151422,132,2,1,11
1538,_swrast_write_zoomed_stencil_span,0x001484dc,414,2,1,11
1539,_swrast_choose_texture_sample_func,0x0012b45f,731,2,1,11
1540,x87_fstp,0x0014ad7c,95,2,1,11
1541,_mesa_GetLightfv,0x00092dce,561,2,1,11
1542,_mesa_PolygonOffset,0x0009f622,201,2,1,11
1543,sse2_cvtps2dq,0x0014b042,59,2,1,11
1544,_swrast_feedback_triangle,0x001ac6f3,243,2,1,11
1545,_mesa_IndexMask,0x0016f0af,164,2,1,11
1546,_mesa_Uniform2fvARB,0x0018ea28,81,2,1,11
1547,vf_get_attr,0x000d81d7,132,2,1,11
1548,_mesa_CompressedTexImage3DARB,0x000b6075,946,2,1,11
1549,x87_fsqrt,0x0014a844,28,2,1,11
1550,_mesa_MultiDrawElementsEXT,0x000c3197,181,2,1,11
1551,_mesa_TexImage3DEXT,0x000b73dd,98,2,1,11
1552,_mesa_texformat_i8,0x002ba0e0,60,1,1,19
1553,_slang_new_ir_storage_swz,0x001ba6a7,74,2,1,11
1554,_swrast_feedback_line,0x001ac651,162,2,1,11
1555,_mesa_longest_uniform_name,0x001a1708,101,2,1,11
1556,_swrast_flush,0x00118135,105,2,1,11
1557,slang_operation_destruct,0x0015110b,143,2,1,11
1558,_mesa_GetHistogramParameterfv,0x0007d7ad,411,2,1,11
1559,_mesa_texformat_argb4444,0x002b9e60,60,1,1,19
1560,sse_movlhps,0x0014c493,125,2,1,11
1561,x87_fsub,0x0014c2cd,65,2,1,11
1562,_mesa_bzero,0x0009092d,50,2,1,11
1563,grammar_string_compare_n,0x000ff23d,49,2,1,11
1564,slang_string_pushc,0x001592ef,62,2,1,11
1565,ati_fs_opcodes,0x002c9a00,88,1,1,23
1566,_mesa_get_fixed_func_fragment_program,0x000ab557,1112,2,1,11
1567,_mesa_WindowPos4fvMESA,0x000a1022,42,2,1,11
1568,_mesa_GetMaterialfv,0x00091e01,567,2,1,11
1569,_mesa_DrawPixels,0x001739ec,750,2,1,11
1570,_mesa_vector4f_print,0x0019ac1f,635,2,1,11
1571,_mesa_null_texformat,0x002b4dc0,60,1,1,19
1572,_mesa_fprintf,0x000900b3,137,2,1,11
1573,_mesa_ActiveTextureARB,0x000bb46f,240,2,1,11
1574,_mesa_GetQueryivARB,0x0009fed5,335,2,1,11
1575,_mesa_destroy_context,0x00056cce,56,2,1,11
1576,slang_string_pushi,0x00159385,139,2,1,11
1577,_mesa_convert_colors,0x000824fe,1529,2,1,11
1578,_mesa_UniformMatrix2x3fv,0x0018e666,119,2,1,11
1579,_mesa_copy_soft_alpha_renderbuffers,0x000a2951,66,2,1,11
1580,_slang_new_ir_storage_relative,0x001ba65c,75,2,1,11
1581,x87_fcomp,0x0014acbe,95,2,1,11
1582,_mesa_GetTexEnviv,0x0018fd1f,624,2,1,11
1583,sse2_rcpss,0x0014af23,59,2,1,11
1584,_mesa_GenLists,0x000703c6,296,2,1,11
1585,x87_fld1,0x0014a9c8,28,2,1,11
1586,vf_generic_emit,0x000da2fb,142,2,1,11
1587,slang_string_pushs,0x0015932d,88,2,1,11
1588,_mesa_GetQueryObjectuivARB,0x000a03eb,293,2,1,11
1589,vbo_all_varyings_in_vbos,0x0019af50,57,2,1,11
1590,slang_operation_insert,0x0015124d,309,2,1,11
1591,_mesa_texformat_rgba8888,0x002b9c20,60,1,1,19
1592,_mesa_update_stencil_buffer,0x0007aa3a,137,2,1,11
1593,_mesa_RasterPos4iv,0x000a14f8,42,2,1,11
1594,_mesa_CopyPixels,0x00173790,604,2,1,11
1595,_mesa_Viewport,0x000945cd,151,2,1,11
1596,_mesa_GetConvolutionFilter,0x0005a64e,718,2,1,11
1597,_mesa_map_readpix_pbo,0x000540f1,62,2,1,11
1598,_tnl_format_info,0x002b5240,476,1,1,19
1599,_mesa_GenTextures,0x000b80fd,306,2,1,11
1600,_math_init,0x000cc3de,43,2,1,11
1601,_mesa_UniformMatrix4fvARB,0x0018e6dd,119,2,1,11
1602,_mesa_WindowPos4ivMESA,0x000a0ff8,42,2,1,11
1603,_mesa_normal_tab,0x002d4700,60,1,1,24
1604,_slang_type_base,0x001572c7,90,2,1,11
1605,_mesa_reference_buffer_object,0x0005503b,135,2,1,11
1606,_math_matrix_ortho,0x000c88e9,183,2,1,11
1607,_mesa_init_debug,0x0005ad39,136,2,1,11
1608,_math_matrix_frustum,0x000c8834,181,2,1,11
1609,_mesa_StencilMaskSeparate,0x000a5448,251,2,1,11
1610,_swrast_choose_triangle,0x0013bb62,939,2,1,11
1611,_mesa_ProgramLocalParameter4fARB,0x000fbc5b,373,2,1,11
1612,_mesa_WindowPos4sMESA,0x000a11fa,40,2,1,11
1613,_swrast_read_stencil_span,0x00125c00,138,2,1,11
1614,_slang_function_locate,0x00150af9,547,2,1,11
1615,x86_sahf,0x0014a673,21,2,1,11
1616,_tnl_invalidate_vertex_state,0x000f1ec7,68,2,1,11
1617,_mesa_init_display_list,0x0005cbfe,162,2,1,11
1618,_mesa_ClipPlane,0x00170c3d,522,2,1,11
1619,_mesa_invalidate_spot_exp_table,0x00090c8e,18,2,1,11
1620,_swrast_render_start,0x00118105,43,2,1,11
1621,_mesa_MultTransposeMatrixfARB,0x00094c38,63,2,1,11
1622,_mesa_GetProgramInfoLog,0x0018f026,80,2,1,11
1623,_mesa_Finish,0x000559ba,130,2,1,11
1624,mmDestroy,0x0009bc91,68,2,1,11
1625,_mesa_PushClientAttrib,0x0016b00e,450,2,1,11
1626,_mesa_ClampColorARB,0x0016eeb4,223,2,1,11
1627,_mesa_clip_tab,0x002d46dc,20,1,1,24
1628,_mesa_texstore_bgr888,0x000c1175,1077,2,1,11
1629,_mesa_convolve_1d_image,0x000579b9,883,2,1,11
1630,_tnl_generate_sse_emit,0x000f314c,5015,2,1,11
1631,_mesa_invalidate_shine_table,0x00090ca0,40,2,1,11
1632,_mesa_RenderbufferStorageEXT,0x00073053,764,2,1,11
1633,vbo_save_init,0x000d2571,213,2,1,11
1634,_mesa_DepthBoundsEXT,0x0005b3c8,296,2,1,11
1635,_mesa_texformat_rgba,0x002b96a0,60,1,1,19
1636,_mesa_GetTexLevelParameteriv,0x001945a8,2515,2,1,11
1637,_mesa_DeleteFramebuffersEXT,0x00074794,271,2,1,11
1638,_mesa_GetTrackMatrixivNV,0x00102d14,278,2,1,11
1639,_mesa_texformat_srgba8,0x002b9860,60,1,1,19
1640,_mesa_align_calloc,0x00090abc,85,2,1,11
1641,_mesa_Fogiv,0x0007a5a4,148,2,1,11
1642,_mesa_disable_extension,0x00072377,26,2,1,11
1643,_swrast_InvalidateState,0x0011802b,33,2,1,11
1644,grammar_set_reg8,0x000ff980,159,2,1,11
1645,_mesa_copy_materials,0x00090c40,78,2,1,11
1646,_mesa_BeginQueryARB,0x000a06ad,585,2,1,11
1647,_mesa_LoadProgramNV,0x00103613,622,2,1,11
1648,_mesa_WindowPos2iMESA,0x000a1381,47,2,1,11
1649,grammar_check,0x00100a59,48,2,1,11
1650,_mesa_ReadBuffer,0x0016fcf1,870,2,1,11
1651,_mesa_opcode_string,0x0010c26f,29,2,1,11
1652,_mesa_texformat_argb1555_rev,0x002b9f60,60,1,1,19
1653,_mesa_GetProgramParameterfvNV,0x00102f2a,256,2,1,11
1654,_mesa_GetShaderInfoLog,0x0018efd6,80,2,1,11
1655,_mesa_MultiModeDrawArraysIBM,0x000c30d4,195,2,1,11
1656,_slang_delete_var_table,0x00159039,72,2,1,11
1657,_slang_new_ir_storage,0x001ba6f1,75,2,1,11
1658,_mesa_GetProgramEnvParameterdvARB,0x000fc03b,118,2,1,11
1659,sse_movhps,0x0014c61f,146,2,1,11
1660,_swrast_add_spec_terms_triangle,0x0013b7f2,880,2,1,11
1661,_mesa_EndFragmentShaderATI,0x000fe733,295,2,1,11
1662,_swrast_write_zoomed_rgb_span,0x001491ea,47,2,1,11
1663,_mesa_UniformMatrix2x4fv,0x0018e578,119,2,1,11
1664,_mesa_destroy_visual,0x00055c4f,35,2,1,11
1665,_mesa_DeletePrograms,0x000fd6fb,463,2,1,11
1666,_mesa_texformat_luminance_float16,0x002b9ae0,60,1,1,19
1667,_mesa_GetMinmax,0x00080aa2,959,2,1,11
1668,_mesa_CullParameterdvEXT,0x00170bf9,68,2,1,11
1669,_mesa_DetachObjectARB,0x0018f2f6,66,2,1,11
1670,_mesa_LockArraysEXT,0x000c33c3,294,2,1,11
1671,_mesa_unpack_stencil_span,0x0008ab05,569,2,1,11
1672,_mesa_reference_renderbuffer,0x000a25a8,364,2,1,11
1673,_mesa_find_free_register,0x00106eb1,307,2,1,11
1674,_mesa_texformat_rgb565_rev,0x002b9de0,60,1,1,19
1675,_slang_new_ir_storage_indirect,0x001ba606,86,2,1,11
1676,_mesa_texformat_intensity_float16,0x002b9be0,60,1,1,19
1677,_mesa_image_address,0x000838ff,440,2,1,11
1678,slang_type_specifier_ctr,0x00157231,28,2,1,11
1679,_swrast_add_spec_terms_point,0x0011fea0,309,2,1,11
1680,_mesa_init_polygon,0x0009f580,162,2,1,11
1681,_slang_alloc_temp,0x00158c47,153,2,1,11
1682,_mesa_printf,0x0009013c,136,2,1,11
1683,vbo_save_playback_vertex_list,0x000d78c1,915,2,1,11
1684,_tnl_register_fastpath,0x000f28f8,234,2,1,11
1685,_mesa_GetLightiv,0x00092a61,877,2,1,11
1686,_mesa_texformat_rgb332,0x002ba020,60,1,1,19
1687,_mesa_FramebufferTexture3DEXT,0x00074220,147,2,1,11
1688,slang_storage_aggregate_destruct,0x00156c1b,89,2,1,11
1689,_mesa_GetUniformLocationARB,0x0018ee77,66,2,1,11
1690,_mesa_exec_free,0x00177ea8,95,2,1,11
1691,x87_fldz,0x0014a9e4,28,2,1,11
1692,_mesa_texformat_ycbcr,0x002ba160,60,1,1,19
1693,_mesa_texformat_l8,0x002ba0a0,60,1,1,19
1694,_swrast_Bitmap,0x00114ce4,752,2,1,11
1695,clip_pipe_cull,0x000e05ea,124,2,1,11
1696,_mesa_BufferDataARB,0x00054a30,456,2,1,11
1697,_mesa_WindowPos4dMESA,0x000a1272,40,2,1,11
1698,_mesa_new_uniform_list,0x001a194e,36,2,1,11
1699,_mesa_is_tex_instruction,0x0010c25e,17,2,1,11
1700,_mesa_init_lighting,0x00092179,994,2,1,11
1701,_mesa_texformat_al88_rev,0x002b9fe0,60,1,1,19
1702,_mesa_new_framebuffer,0x0007b6cb,196,2,1,11
1703,_mesa_GetProgramiv,0x0018f0bf,73,2,1,11
1704,_mesa_validate_DrawArrays,0x0016a416,240,2,1,11
1705,_mesa_texformat_argb4444_rev,0x002b9ea0,60,1,1,19
1706,_mesa_GetQueryObjectivARB,0x000a0510,302,2,1,11
1707,_mesa_GetHistogramParameteriv,0x0007d65d,336,2,1,11
1708,_mesa_CopyColorSubTable,0x001711a4,159,2,1,11
1709,_swrast_add_spec_terms_line,0x0011dd5c,588,2,1,11
1710,fetch_ext_rgba_dxt1,0x002cab44,4,1,1,24
1711,clip_passthrough_point,0x000ddfca,27,2,1,11
1712,_math_matrix_copy,0x000c8e4c,127,2,1,11
1713,fetch_ext_rgba_dxt3,0x002cab48,4,1,1,24
1714,x86_dec,0x0014c745,98,2,1,11
1715,_mesa_prim_name,0x002bb300,52,1,1,23
1716,_mesa_GetMaterialiv,0x00091aa2,863,2,1,11
1717,fetch_ext_rgba_dxt5,0x002cab4c,4,1,1,24
1718,_slang_label_delete,0x001ba87f,86,2,1,11
1719,_mesa_Uniform1ivARB,0x0018e935,81,2,1,11
1720,x87_fyl2xp1,0x0014a7d4,28,2,1,11
1721,slang_atom_pool_construct,0x001590c3,30,2,1,11
1722,_mesa_Uniform2fARB,0x0018ed16,94,2,1,11
1723,_mesa_lookup_enum_by_name,0x00070511,96,2,1,11
1724,_mesa_print_nv_vertex_program,0x00104320,57,2,1,11
1725,_mesa_snprintf,0x0008ff1e,72,2,1,11
1726,x86_pop,0x0014c809,113,2,1,11
1727,clip_passthrough_line,0x000ddfaf,27,2,1,11
1728,_mesa_vector4f_alloc,0x0019aee7,95,2,1,11
1729,_mesa_delete_ati_fragment_shader,0x000fe85a,97,2,1,11
1730,_mesa_save_array_object,0x0016ea1c,60,2,1,11
1731,_mesa_clip_readpixels,0x00082193,180,2,1,11
1732,_mesa_sinf,0x000908e7,10,2,1,11
1733,vbo_save_BeginCallList,0x000d2788,26,2,1,11
1734,_mesa_delete_array_object,0x0016ec9b,35,2,1,11
1735,_mesa_set_program_error,0x001079a7,92,2,1,11
1736,_mesa_free_instructions,0x0010c28c,94,2,1,11
1737,_mesa_print_texunit_state,0x000bb55f,651,2,1,11
1738,_mesa_texformat_sla8,0x002b98e0,60,1,1,19
1739,_mesa_print_state,0x0005afa0,771,2,1,11
1740,_mesa_Disable,0x00177d1c,103,2,1,11
