offset,width_bytes,value,cpu_origin,cpu_image_status,gpu_first_use_status,historical_recycled,historical_target_first_use,evidence
0x00,4,U,RESOLVED_USE_WORD_INPUT,CONFIRMED parameterized CPU serialization,CONDITIONAL,RESOLVED RELOCATION,RESOLVED RELOCATION,P7H-014;P7H-025;P7H-026;P7H-036;P7H-037
0x04,4,0x00000000,BUILDER_FIELD,CONFIRMED parameterized CPU serialization,CONDITIONAL,SELECTED BUILDER VALUE,SELECTED BUILDER VALUE,P7H-014;P7H-025;P7H-026;P7H-036;P7H-037
0x08,4,0x00000000,ZERO_INIT,CONFIRMED parameterized CPU serialization,CONDITIONAL,PRODUCER_UNWRITTEN; POTENTIALLY STALE,CONDITIONAL fresh-zero provider,P7H-014;P7H-025;P7H-026;P7H-036;P7H-037
0x0c,4,0x00000000,ZERO_INIT,CONFIRMED parameterized CPU serialization,CONDITIONAL,PRODUCER_UNWRITTEN; POTENTIALLY STALE,CONDITIONAL fresh-zero provider,P7H-014;P7H-025;P7H-026;P7H-036;P7H-037
0x10,4,0x00000000,ZERO_INIT,CONFIRMED parameterized CPU serialization,CONDITIONAL,PRODUCER_UNWRITTEN; POTENTIALLY STALE,CONDITIONAL fresh-zero provider,P7H-014;P7H-025;P7H-026;P7H-036;P7H-037
0x14,4,0x00000000,ZERO_INIT,CONFIRMED parameterized CPU serialization,CONDITIONAL,PRODUCER_UNWRITTEN; POTENTIALLY STALE,CONDITIONAL fresh-zero provider,P7H-014;P7H-025;P7H-026;P7H-036;P7H-037
0x18,4,0x00000000,ZERO_INIT,CONFIRMED parameterized CPU serialization,CONDITIONAL,PRODUCER_UNWRITTEN; POTENTIALLY STALE,CONDITIONAL fresh-zero provider,P7H-014;P7H-025;P7H-026;P7H-036;P7H-037
0x1c,4,0x00000000,ZERO_INIT,CONFIRMED parameterized CPU serialization,CONDITIONAL,PRODUCER_UNWRITTEN; POTENTIALLY STALE,CONDITIONAL fresh-zero provider,P7H-014;P7H-025;P7H-026;P7H-036;P7H-037
0x20,4,0x00000020,BUILDER_FIELD,CONFIRMED parameterized CPU serialization,CONDITIONAL,SELECTED BUILDER VALUE,SELECTED BUILDER VALUE,P7H-014;P7H-025;P7H-026;P7H-036;P7H-037
0x24,4,0x00000000,ZERO_INIT,CONFIRMED parameterized CPU serialization,CONDITIONAL,PRODUCER_UNWRITTEN; POTENTIALLY STALE,CONDITIONAL fresh-zero provider,P7H-014;P7H-025;P7H-026;P7H-036;P7H-037
0x28,4,0x00000000,ZERO_INIT,CONFIRMED parameterized CPU serialization,CONDITIONAL,PRODUCER_UNWRITTEN; POTENTIALLY STALE,CONDITIONAL fresh-zero provider,P7H-014;P7H-025;P7H-026;P7H-036;P7H-037
0x2c,4,0x00000000,ZERO_INIT,CONFIRMED parameterized CPU serialization,CONDITIONAL,PRODUCER_UNWRITTEN; POTENTIALLY STALE,CONDITIONAL fresh-zero provider,P7H-014;P7H-025;P7H-026;P7H-036;P7H-037
0x30,4,0x07000345,BUILDER_FIELD,CONFIRMED parameterized CPU serialization,CONDITIONAL,SELECTED BUILDER VALUE,SELECTED BUILDER VALUE,P7H-014;P7H-025;P7H-026;P7H-036;P7H-037
0x34,4,0xaf000000,BUILDER_FIELD,CONFIRMED parameterized CPU serialization,CONDITIONAL,SELECTED BUILDER VALUE,SELECTED BUILDER VALUE,P7H-014;P7H-025;P7H-026;P7H-036;P7H-037
