rule,source_class,queries_or_requests,result,disposition,limit
R3,web/document locator,"""Eurasia.3D Input Parameter Format.1.3.37a.SGX535 1.2.External.pdf""; ""Eurasia"" ""Input Parameter Format"" SGX535; ""Input Parameter Format"" PowerVR -site:usitc.gov -site:forums.imgtec.com",Prior forum/title only; unrelated phrase matches,DUPLICATE/NEGATIVE,No PDF acquired; title is not public-distribution proof
R3,archive item index,"Internet Archive advancedsearch: ""Eurasia"" AND ""SGX535""",0 item metadata results,NEGATIVE_BOUNDED,Not a Wayback or FTP full-content search
R3,official SDK manifests,Native_SDK tags; pinned R14.2-v3.4 and c1605c recursive trees; pds/eurasia/assembler path predicates,E01/E02; no identified PDS source path,NEGATIVE_BOUNDED,Two trees only; old SDK2 content and embedded archives not proven absent
R3,web/encoder terms,"""PDS"" ""DS0"" ""DS1"" assembler PowerVR SDK; PowerVR SDK 2.0 PDS assembler source code; ""PDS assembler"" PowerVR SDK -site:github.com/GrapheneCt; ""PDS programming"" ""SDK"" PowerVR",Official application SDK and modern Rogue results; unrelated acronym matches,NO_APPLICABLE_RULE,No new licensed Series5 encoder
R3,patent index,"patent ""programmable data sequencer"" ""store"" Imagination; site:patents.google.com Imagination ""data sequencer"" ""temporary""; ""programmable data sequencer"" ""constant""; ""programmable data sequencer"" ""registers"" patent; ""PDS"" ""source"" ""DS0"" ""Imagination"" patent",US8046761B2 generic task dispatch; prior GB2430513 route; unrelated disk/telecom patents,NO_APPLICABLE_RULE,Shared shader storage/task resources not PDS operand stores; no selector/preload bound
R3,forums/mail indexes,"site:forums.imgtec.com ""PDS"" ""data store""; site:lists.freedesktop.org ""SGX"" ""PDS"" ""source""; ""PDS"" ""DS0"" ""temporary"" -site:github.com/GrapheneCt -site:scribd.com -site:forums.imgtec.com",Existing 2009 forum; 2025 vendor availability answer; no new architectural response,NO_APPLICABLE_RULE,Did not contact anyone or treat self-referencing project discussion as independent evidence
R2,register exact-name index,"""DPM_DHOST_FREE_LOAD""; ""EUR_CR_DPM_DHOST_FREE""; ""EUR_CR_EVENT_STATUS2"" ""DHOST""; ""DPM_HOST_FREE_LOAD"" ""poll""; ""DPM_DHOST""; ""DHOST"" ""PowerVR""; ""SGX"" ""DHOST"" free list",E04 independent header; no applicable consumer/wait rule,CORROBORATION_ONLY,Bit8 distinction survives; no new M1-M5 elimination
R2,patent citation follow-up,GB2449399B -> published family US8669987B2,E03; macrotile/free-list management,NO_APPLICABLE_RULE,No SGX535/DHOST link; cannot label fourth load deallocation from generic patent
R1;R2,public kernel source / mailing lists,sgx535defs.h Android; TI commit d654d4cd09ecb72847b61d2b58b6b0ca7ecf2283; Yocto 2012-July/007979,E04 rendered source; TI indexed addition; Yocto public distribution announcement,PARTIAL_ACCESS,TI direct403; Android raw503; guessed official GitHub mirrors404; no unread source conclusions
R2,init success search,"""SGXInit"" ""INIT_COMPLETE"" PowerVR; ""SGX"" ""SGXMKIF_INITREGS_PDUMP"" ""initialise""; Android sgxinit.c paths",No applicable retrieved implementation; direct requests inaccessible,ACCESS_LIMIT,Not proof no public init implementation exists
R1,exact maintenance terms,"""EUR_CR_PDS_INV1"" invalidate; ""PDS_INV1"" ""DSC"" completion; ""PDS_INV_CSC"" completion cache; ""MADD_CACHE_INVALCOMPLETE""; ""PDS"" ""invalidate"" ""0x0138""",Other SGX headers and SGX544 public register list with unknown descriptions,NO_APPLICABLE_RULE,Register-name similarity is not target completion-domain equivalence
R1,kernel/mail/documentation,"site:lore.kernel.org ""PDS"" ""invalidate""; site:lists.freedesktop.org ""psb"" ""cache"" ""flush""; SGX535 cache coherency invalidate completion BIF Linux; ""Poulsbo"" ""coherency""",E05/E06 host contracts; unrelated Intel enclave SGX excluded,HOST_ONLY,Modern gma500 raw source429; no new historical provider claim
R1;R3,vendor docs,SGX535 PDS cache invalidate Intel datasheet publication; site:docs.imgtec.com SGX535 cache invalidate; official SDK docs and Mesa CSBGEN,Later Intel/USC/Rogue or generic Series5 overview,NO_APPLICABLE_RULE,No core-equivalence bridge; confidential Series6 result excluded unopened
