program,size,producer,role,data_prefix_bytes,cpu_image,dependencies,coverage,missing_rule,evidence,hardware_ready
vertex_pds,64,0x40355,vertex fetch; deterministic address/stride/width plus selected index stream,48,DEFINED_WITH_SYMBOLIC_RELOCATIONS,vertices;vertex_use,UNKNOWN,Selected vertex fetch source-domain completeness including launch-supplied selection,P7G-007;P7H-049,False
bounds_vertex_pds,64,0x40355,vertex fetch; deterministic address/stride/width plus selected index stream,48,DEFINED_WITH_SYMBOLIC_RELOCATIONS,bounds_vertices;bounds_vertex_use,UNKNOWN,Selected vertex fetch source-domain completeness including launch-supplied selection,P7G-007;P7H-049,False
bounds_state_pds,60,0x287ff;0x381a0,state upload; descriptor count derived from serialized state length,48,DEFINED_WITH_SYMBOLIC_RELOCATIONS,bounds_state;bounds_state_use,UNKNOWN,Selected upload program source-domain completeness beyond initialized descriptor,P7H-043;P7H-049,False
triangle_state_pds,60,0x287ff;0x381a0,state upload; descriptor count derived from serialized state length,48,DEFINED_WITH_SYMBOLIC_RELOCATIONS,triangle_state;triangle_state_use,UNKNOWN,Selected upload program source-domain completeness beyond initialized descriptor,P7H-043;P7H-049,False
terminate_state_pds,60,0x287ff;0x381a0,state upload; descriptor count derived from serialized state length,48,DEFINED_WITH_SYMBOLIC_RELOCATIONS,terminate_state;terminate_state_use,UNKNOWN,Selected upload program source-domain completeness beyond initialized descriptor,P7H-043;P7H-049,False
event_pds,148,0x392ab,end-of-render/event path; CPU target descriptor and two USE addresses,64,DEFINED_WITH_SYMBOLIC_RELOCATIONS,target_data;event_use;event_helper_use,UNKNOWN,Selected event-entry/control source domain before first write; CPU branches do not establish hardware event inputs,P7H-042;P7H-049,False
background_pds,64,0x39c5c,background color copy; CPU color descriptor and USE address,48,DEFINED_WITH_SYMBOLIC_RELOCATIONS,color;background_use,UNKNOWN,Source-domain completeness of selected four-word background program,P7H-042;P7H-049,False
secondary_pds,4,0x3faa3,single af000000 record; zero data-prefix dwords emitted,0,DEFINED_WITH_SYMBOLIC_RELOCATIONS,,UNKNOWN,No-data CPU grammar does not establish absence of architectural/implicit inputs,P7H-013;P7H-049,False
vertex_secondary,4,0x40355->0x3faa3,single af000000 record; zero data-prefix dwords emitted,0,DEFINED_WITH_SYMBOLIC_RELOCATIONS,,UNKNOWN,No-data CPU grammar does not establish absence of architectural/implicit inputs,P7H-042;P7H-049,False
bounds_vertex_secondary,4,0x40355->0x3faa3,single af000000 record; zero data-prefix dwords emitted,0,DEFINED_WITH_SYMBOLIC_RELOCATIONS,,UNKNOWN,No-data CPU grammar does not establish absence of architectural/implicit inputs,P7H-042;P7H-049,False
background_secondary,4,0x39c5c->0x3faa3,single af000000 record; zero data-prefix dwords emitted,0,DEFINED_WITH_SYMBOLIC_RELOCATIONS,,UNKNOWN,No-data CPU grammar does not establish absence of architectural/implicit inputs,P7H-042;P7H-049,False
