bo,size,alignment,domain,create_flags,owner,role,buffer_start,bo_type,initialization,lifetime,map,classification,payload_end,gpu_access
pds,131072,4096,PDS,536870913,user,PDS; constants; bounds geometry; indices,0,drm_bo_type_dc; not userptr,ZERO entire allocation before object stores,retain until applicable TA/raster/scene fence completes,CPU read/write; CACHED only where flag0x80 set; otherwise TTM UC/WC,CLEANROOM_POLICY constrained by P7G-015/P7H-047,17828,READ
use,32768,32768,PDS,2251800350556161,user,USE code; USSE fence tag; two data masters,0,drm_bo_type_dc; not userptr,ZERO entire allocation before object stores,retain until applicable TA/raster/scene fence completes,CPU read/write; CACHED only where flag0x80 set; otherwise TTM UC/WC,CLEANROOM_POLICY constrained by P7G-015/P7H-047,296,READ
vertex_ta,4096,4096,MMU,281475245146113,user,vertex input and TA stream; TA fence tag,0,drm_bo_type_dc; not userptr,ZERO entire allocation before object stores,retain until applicable TA/raster/scene fence completes,CPU read/write; CACHED only where flag0x80 set; otherwise TTM UC/WC,CLEANROOM_POLICY constrained by P7G-015/P7H-047,164,READ
background,4096,4096,RASTGEOM,2147483649,user,background object,0,drm_bo_type_dc; not userptr,ZERO entire allocation before object stores,retain until applicable TA/raster/scene fence completes,CPU read/write; CACHED only where flag0x80 set; otherwise TTM UC/WC,CLEANROOM_POLICY constrained by P7G-015/P7H-047,68,READ
control,4096,4096,LOCAL,16777348,user,CPU-consumed TA/raster lists and relocation table,0,drm_bo_type_dc; not userptr,ZERO entire allocation before object stores,retain until applicable TA/raster/scene fence completes,CPU read/write; CACHED only where flag0x80 set; otherwise TTM UC/WC,CLEANROOM_POLICY constrained by P7G-015/P7H-047,2224,CPU interface only
color,4096,4096,MMU,268435459,user,render target; read and write; excludes VRAM,0,drm_bo_type_dc; not userptr,ZERO entire allocation before object stores,retain until applicable TA/raster/scene fence completes,CPU read/write; CACHED only where flag0x80 set; otherwise TTM UC/WC,CLEANROOM_POLICY constrained by P7G-015/P7H-047,4096,READ_WRITE
scene_hw,8192,4096,MMU,562950221856899,kernel,scene requested0x1420 rounded two pages,0,drm_bo_type_dc; not userptr,ZERO entire allocation before object stores,retain until applicable TA/raster/scene fence completes,CPU read/write; CACHED only where flag0x80 set; otherwise TTM UC/WC,CLEANROOM_POLICY constrained by P7G-015/P7H-047,8192,READ_WRITE
ta_page_table,33554432,4096,MMU,562950221856771,kernel,8192-page policy matches candidate default,0,drm_bo_type_dc; not userptr,ZERO entire allocation before object stores,retain until applicable TA/raster/scene fence completes,CPU read/write; CACHED only where flag0x80 set; otherwise TTM UC/WC,CLEANROOM_POLICY constrained by P7G-015/P7H-047,33554432,READ_WRITE
ta_parameter,33554432,1048576,RASTGEOM,562952100904963,kernel,TA parameters; 1MiB alignment,0,drm_bo_type_dc; not userptr,ZERO entire allocation before object stores,retain until applicable TA/raster/scene fence completes,CPU read/write; CACHED only where flag0x80 set; otherwise TTM UC/WC,CLEANROOM_POLICY constrained by P7G-015/P7H-047,33554432,READ_WRITE
xhw_comm,4096,4096,LOCAL,16777363,service,132-byte XHW communication; privileged legacy NO_EVICT flag,0,drm_bo_type_dc; not userptr,ZERO entire allocation before object stores,retain until applicable TA/raster/scene fence completes,CPU read/write; CACHED only where flag0x80 set; otherwise TTM UC/WC,CLEANROOM_POLICY constrained by P7G-015/P7H-047,132,CPU interface only
