branch,sequence,content,emitter,alignment,reservation,start,commit,end,overlaps_selected,evidence
color_field_24_ne_1,1,event data,0x392ab,0x4,0x10,0x0,0x10,0x10,NO,P7H-030
color_field_24_ne_1,2,event PDS,0x392ab,0x20,0x190,0x20,0x94,0xb4,NO,P7H-030
color_field_24_ne_1,3,texture-replace PDS,0x39c5c,0x20,0x50,0xc0,0x40,0x100,NO,P7H-030
color_field_24_ne_1,4,texture secondary PDS,0x3faa3,0x20,0x4,0x100,0x4,0x104,NO,P7H-030
color_field_24_ne_1,5,preterminate state data,0x287ff,0x4,0xa0,0x104,0x8,0x10c,NO,P7H-030
color_field_24_ne_1,6,preterminate state PDS,0x287ff,0x20,0xa0,0x120,0x3c,0x15c,NO,P7H-030
color_field_24_ne_1,7,selected primary PDS,0x25970,0x20,0x190,0x160,0x38,0x198,SELF,P7H-030
color_field_24_ne_1,8,selected secondary PDS,0x3faa3,0x20,0x4,0x1a0,0x4,0x1a4,NO,P7H-030
color_field_24_eq_1,1,event data,0x392ab,0x4,0x10,0x0,0x10,0x10,NO,P7H-030
color_field_24_eq_1,2,event PDS,0x392ab,0x20,0x190,0x20,0x94,0xb4,NO,P7H-030
color_field_24_eq_1,3,internal clear PDS,0x39ac4,0x20,0x50,0xc0,0x38,0xf8,NO,P7H-030
color_field_24_eq_1,4,clear secondary PDS,0x3faa3,0x20,0x4,0x100,0x4,0x104,NO,P7H-030
color_field_24_eq_1,5,texture-replace PDS,0x39c5c,0x20,0x50,0x120,0x40,0x160,NO,P7H-030
color_field_24_eq_1,6,texture secondary PDS,0x3faa3,0x20,0x4,0x160,0x4,0x164,NO,P7H-030
color_field_24_eq_1,7,preterminate state data,0x287ff,0x4,0xa0,0x164,0x8,0x16c,NO,P7H-030
color_field_24_eq_1,8,preterminate state PDS,0x287ff,0x20,0xa0,0x180,0x3c,0x1bc,NO,P7H-030
color_field_24_eq_1,9,selected primary PDS,0x25970,0x20,0x190,0x1c0,0x38,0x1f8,SELF,P7H-030
color_field_24_eq_1,10,selected secondary PDS,0x3faa3,0x20,0x4,0x200,0x4,0x204,NO,P7H-030
