path_id,trigger,reachability,placement_constraint,fresh_or_retained_contents,contents_to_gpu,confidence,source_locator,evidence_id
BPATH01,new type_dc BO; NULL buffer_start; request0x20000001,REACHABLE,PDS type5 only passes memory-bit test,fresh TTM pages via __GFP_ZERO,same array CPU fault and PDS MMU binding,CONFIRMED in audited K-equivalent sources,drm_bo.c:819-954;1833-1841;psb_buffer.c:116-124;drm_ttm.c:81-92,P7H-034
BPATH02,memory pressure during placement,REACHABLE,busy-priority loop repeats identical memory-bit filter,same PDS TTM pages; allocation may fail,no silent switch to fixed/stolen successful placement,CONFIRMED source control flow,drm_bo.c:867-954,P7H-034
BPATH03,eviction of existing PDS BO to LOCAL,REACHABLE,psb_evict_mask default LOCAL; original requested mask retained,existing contents preserved; not re-zeroed,nonfixed to nonfixed uses same TTM unbind/rebind,CONFIRMED source contract,psb_buffer.c:186-196;drm_bo.c:224-228;drm_bo_move.c:50-84,P7H-031;P7H-034
BPATH04,revalidation after LOCAL eviction,REACHABLE,original PDS request still constrains preferred/busy placement,retained contents including untouched zeros,same TTM pages rebound into PDS MMU,CONFIRMED source contract,drm_bo.c:1326-1380;psb_buffer.c:324-364,P7H-031;P7H-034
BPATH05,VRAM/stolen fixed backing,EXCLUDED selected request,type1 bit25 absent; PDS manager has no FIXED,NOT_ZERO_GUARANTEED by PDS proof; not investigated as selected backing,different mapping/copy path not selected,CONFIRMED exclusion only,drm_bo.c:819-954;psb_buffer.c:138-154,P7H-034
BPATH06,generic TT/GATT or APER fallback,EXCLUDED selected request,bits26 and31 absent even when priority lists include them,NOT_APPLICABLE,selected PDS is TTM-backed but NOT memory type TT,CONFIRMED exclusion only,drm_bo.c:819-954;psb_buffer.c:155-180,P7H-034
BPATH07,import preexisting user pages,EXCLUDED selected request,NULL buffer_start selects type_dc not type_user,NOT_APPLICABLE,get_user_pages path excluded,CONFIRMED selected inputs,drm_bo.c:1833-1841,P7H-031;P7H-034
BPATH08,new physical allocation from buddy/CPU page freelist,REACHABLE,order0 alloc_page with __GFP_ZERO,ZERO_GUARANTEED even if page frame was previously used,prep_new_page -> prep_zero_page -> clear_highpage,CONFIRMED historical Linux2.6.32 source contract,mm/page_alloc.c:340-350;687-704;include/linux/gfp.h:50,P7H-034
BPATH09,userspace slot reuse inside existing pool,OUTSIDE restricted first-use scope,no new kernel BO or population required,STALE preserved; no zero guarantee,same mapped bytes retained,CONFIRMED prior lifecycle; unchanged,P7H-025 through P7H-027,P7H-025
BPATH10,modern gma500 GEM allocation substituted for old BOCreate,NOT_ABI_EQUIVALENT,no old selected PDS placement/submission contract established,UNKNOWN for required PDS object,display GEM contents alone do not establish SGX mapping,EXCLUDED as automatic provider substitution,phase4-2 antix-source gma500/psb_drv.c:104-105;503-517,P7H-035
