bit,literal_set_count,literal_count,cpu_formula_variables_0_to_7,pair_45_changed,event_45_residual,architectural_field,gpu_read_relevance
0,27,38,none,no,no,UNKNOWN,UNKNOWN
1,17,38,none,no,no,UNKNOWN,UNKNOWN
2,14,38,none,no,no,UNKNOWN,UNKNOWN
3,0,38,none,no,no,UNKNOWN,UNKNOWN
4,2,38,none,no,no,UNKNOWN,UNKNOWN
5,20,38,none,no,no,UNKNOWN,UNKNOWN
6,25,38,none,no,no,UNKNOWN,UNKNOWN
7,4,38,64_DS1_index,no,no,UNKNOWN,UNKNOWN
8,23,38,none,no,no,UNKNOWN,UNKNOWN
9,29,38,64_DS0_index,no,no,UNKNOWN,UNKNOWN
10,4,38,none,no,no,UNKNOWN,UNKNOWN
11,1,38,A2_DS1_index;64_DS0_index,no,no,UNKNOWN,UNKNOWN
12,5,38,none,no,no,UNKNOWN,UNKNOWN
13,5,38,A2_DS1_index;64_DS1_index,yes,no,UNKNOWN,UNKNOWN
14,0,38,A2_DS1_index;64_DS1_index,no,no,UNKNOWN,UNKNOWN
15,0,38,none,no,no,UNKNOWN,UNKNOWN
16,12,38,none,no,yes,UNKNOWN,UNKNOWN
17,12,38,none,no,yes,UNKNOWN,UNKNOWN
18,9,38,64_DS0_index,yes,no,UNKNOWN,UNKNOWN
19,3,38,64_DS0_index,no,no,UNKNOWN,UNKNOWN
20,0,38,none,no,no,UNKNOWN,UNKNOWN
21,4,38,none,no,no,UNKNOWN,UNKNOWN
22,4,38,none,no,no,UNKNOWN,UNKNOWN
23,2,38,none,no,no,UNKNOWN,UNKNOWN
24,38,38,none,no,no,UNKNOWN,UNKNOWN
25,38,38,none,no,no,UNKNOWN,UNKNOWN
26,36,38,none,no,no,UNKNOWN,UNKNOWN
27,10,38,none,no,no,UNKNOWN,UNKNOWN
28,0,38,none,no,no,UNKNOWN,UNKNOWN
29,12,38,none,no,no,UNKNOWN,UNKNOWN
30,2,38,none,no,no,UNKNOWN,UNKNOWN
31,6,38,none,no,no,UNKNOWN,UNKNOWN
