commit	blob	path
9b87fdc9af2fbfcdb5c24a64139685ef80f6573f	6941064730dc80e2ec60d8fcd2ab76d3a8a70f94	Documentation/i2c/busses/i2c-ali1535.rst
9b87fdc9af2fbfcdb5c24a64139685ef80f6573f	eec32c3ba92a47232f67cd3ed330c963db38d9d8	Documentation/i2c/busses/i2c-ali1563.rst
9b87fdc9af2fbfcdb5c24a64139685ef80f6573f	d4c1a2a419cb8399a98b9411e40b9e2d36bb03a1	Documentation/i2c/busses/i2c-ali15x3.rst
9b87fdc9af2fbfcdb5c24a64139685ef80f6573f	ebc2fa8993259b986124fcf1cd35ec1fe0ee1e43	Documentation/i2c/busses/i2c-amd-mp2.rst
9b87fdc9af2fbfcdb5c24a64139685ef80f6573f	bc93f392a4fc70c61f471bac7c0c3697749e0ca4	Documentation/i2c/busses/i2c-amd756.rst
9b87fdc9af2fbfcdb5c24a64139685ef80f6573f	d08bf0a7f0ac550ca78a1aaf4d87727cf5e444c7	Documentation/i2c/busses/i2c-amd8111.rst
9b87fdc9af2fbfcdb5c24a64139685ef80f6573f	c18cbdcdf73c19a8f02b9a1535487aca60f0a79e	Documentation/i2c/busses/i2c-diolan-u2c.rst
9b87fdc9af2fbfcdb5c24a64139685ef80f6573f	bbbce90eb7d843c746b9d0d1c4f46314aac0d293	Documentation/i2c/busses/i2c-i801.rst
9b87fdc9af2fbfcdb5c24a64139685ef80f6573f	8e74919a3fdf911f783a089c0263eb0f459ccde9	Documentation/i2c/busses/i2c-ismt.rst
9b87fdc9af2fbfcdb5c24a64139685ef80f6573f	9a0b2916aa7128284dd738fc92b2087d79db2384	Documentation/i2c/busses/i2c-mlxcpld.rst
9b87fdc9af2fbfcdb5c24a64139685ef80f6573f	83181445268f962827b1e9b58d82d2425879530c	Documentation/i2c/busses/i2c-nforce2.rst
9b87fdc9af2fbfcdb5c24a64139685ef80f6573f	38fb8a4c8756d213fda77c837430616410392d7f	Documentation/i2c/busses/i2c-nvidia-gpu.rst
9b87fdc9af2fbfcdb5c24a64139685ef80f6573f	f5e175f2a2a62e0618456d6b90a89bf7367f0bde	Documentation/i2c/busses/i2c-ocores.rst
9b87fdc9af2fbfcdb5c24a64139685ef80f6573f	4cbf45952d52d9ab3274681d392f163f7d4fe12e	Documentation/i2c/busses/i2c-parport.rst
9b87fdc9af2fbfcdb5c24a64139685ef80f6573f	a254010c805532778f418d79ddbba31044db4348	Documentation/i2c/busses/i2c-pca-isa.rst
9b87fdc9af2fbfcdb5c24a64139685ef80f6573f	94e20b18c59a8072863be20403074962b5f4c7d9	Documentation/i2c/busses/i2c-piix4.rst
9b87fdc9af2fbfcdb5c24a64139685ef80f6573f	b85630c84a96eebfb13d8bd25fc5540c437c54e2	Documentation/i2c/busses/i2c-sis5595.rst
9b87fdc9af2fbfcdb5c24a64139685ef80f6573f	9fcd74b18781c5fb21ce1a9bdfb3f44ace69c2c5	Documentation/i2c/busses/i2c-sis630.rst
9b87fdc9af2fbfcdb5c24a64139685ef80f6573f	437cc1d89588d67f39ea58c2152daeaf2125c352	Documentation/i2c/busses/i2c-sis96x.rst
9b87fdc9af2fbfcdb5c24a64139685ef80f6573f	f342e313ee3def7082dcfb84317f956cbe63d81f	Documentation/i2c/busses/i2c-taos-evm.rst
9b87fdc9af2fbfcdb5c24a64139685ef80f6573f	846aa17d80a24ae73c538c3b184b5a04a8b9dcea	Documentation/i2c/busses/i2c-via.rst
9b87fdc9af2fbfcdb5c24a64139685ef80f6573f	1762f0cf93d07ec18fd212f38f2ed075eadc3957	Documentation/i2c/busses/i2c-viapro.rst
9b87fdc9af2fbfcdb5c24a64139685ef80f6573f	5e4077b08d864a383df7cdeaf99710d415bc9647	Documentation/i2c/busses/index.rst
9b87fdc9af2fbfcdb5c24a64139685ef80f6573f	8dc7c352508c791d426a817473dfe4b503ae0088	Documentation/i2c/busses/scx200_acb.rst
9b87fdc9af2fbfcdb5c24a64139685ef80f6573f	a2acaa699dd58a0741c08e1f4d6ce73789c35558	drivers/gpu/drm/gma500/Kconfig
9b87fdc9af2fbfcdb5c24a64139685ef80f6573f	58fed80c7392a02c317011365c9ce3165412bf3d	drivers/gpu/drm/gma500/Makefile
9b87fdc9af2fbfcdb5c24a64139685ef80f6573f	c8f1716a12d52cc16117998a468833f00ef8404c	drivers/gpu/drm/gma500/backlight.c
9b87fdc9af2fbfcdb5c24a64139685ef80f6573f	fd6ea8998dbe82f9a2d35aa86161f3d86324646c	drivers/gpu/drm/gma500/cdv_device.c
9b87fdc9af2fbfcdb5c24a64139685ef80f6573f	504d717385cda2fa9ee23d72efc54f4424821692	drivers/gpu/drm/gma500/cdv_device.h
9b87fdc9af2fbfcdb5c24a64139685ef80f6573f	e51a965ddeb8656457efc1633663a82fe3567597	drivers/gpu/drm/gma500/cdv_intel_crt.c
9b87fdc9af2fbfcdb5c24a64139685ef80f6573f	a901721ea73a0fc38ce8213cd2f1bd8197eb8f7f	drivers/gpu/drm/gma500/cdv_intel_display.c
9b87fdc9af2fbfcdb5c24a64139685ef80f6573f	8d0626ddf1c3a0ebc690c81d1e5a9d0943a7f647	drivers/gpu/drm/gma500/cdv_intel_dp.c
9b87fdc9af2fbfcdb5c24a64139685ef80f6573f	757ff9408250aca2e40f8f73c1b405784ed4d249	drivers/gpu/drm/gma500/cdv_intel_hdmi.c
9b87fdc9af2fbfcdb5c24a64139685ef80f6573f	336ab411d6995b896d6f55a825b7b355b0403af6	drivers/gpu/drm/gma500/cdv_intel_lvds.c
9b87fdc9af2fbfcdb5c24a64139685ef80f6573f	d1e93588234f5778a978d62c3488f8ff0216b096	drivers/gpu/drm/gma500/fbdev.c
9b87fdc9af2fbfcdb5c24a64139685ef80f6573f	37a9f666c0f22c98e920845377c11f23847c63f3	drivers/gpu/drm/gma500/framebuffer.c
9b87fdc9af2fbfcdb5c24a64139685ef80f6573f	2fbba4b48841667de719eee83b20001b479870b1	drivers/gpu/drm/gma500/framebuffer.h
9b87fdc9af2fbfcdb5c24a64139685ef80f6573f	2708e8c68f4c5bae592292c257de47bdef3e41e9	drivers/gpu/drm/gma500/gem.c
9b87fdc9af2fbfcdb5c24a64139685ef80f6573f	27df6ff4ed371bb8c190eccae4677e34e27b79f7	drivers/gpu/drm/gma500/gem.h
9b87fdc9af2fbfcdb5c24a64139685ef80f6573f	954f3a275d81b4b0146d709f4d2f45cafc677f29	drivers/gpu/drm/gma500/gma_device.c
9b87fdc9af2fbfcdb5c24a64139685ef80f6573f	a8cf31d4b81444426f438e71f89f29ba38b126e7	drivers/gpu/drm/gma500/gma_device.h
9b87fdc9af2fbfcdb5c24a64139685ef80f6573f	f65e90d890f44287204c366b053d8c264208d185	drivers/gpu/drm/gma500/gma_display.c
9b87fdc9af2fbfcdb5c24a64139685ef80f6573f	1188a8d61cafb826115f7992ef37f224212d27c7	drivers/gpu/drm/gma500/gma_display.h
9b87fdc9af2fbfcdb5c24a64139685ef80f6573f	379bc218aa6bb647121c8fc8741f02437bae6aa4	drivers/gpu/drm/gma500/gtt.c
9b87fdc9af2fbfcdb5c24a64139685ef80f6573f	d5a5fd4466c1dac1e46c2079c68788c62d925daa	drivers/gpu/drm/gma500/gtt.h
9b87fdc9af2fbfcdb5c24a64139685ef80f6573f	c6a945358e3ec352857bc7164f045a7f4c053a6a	drivers/gpu/drm/gma500/intel_bios.c
9b87fdc9af2fbfcdb5c24a64139685ef80f6573f	b5adea2a20c3894bc086d889c637c8f5fe8f01d3	drivers/gpu/drm/gma500/intel_bios.h
9b87fdc9af2fbfcdb5c24a64139685ef80f6573f	5933ae04a6aa5459115013aaa712d5e4d71cec86	drivers/gpu/drm/gma500/intel_gmbus.c
9b87fdc9af2fbfcdb5c24a64139685ef80f6573f	ab82177968177c4fd542e2095958fa3dc9d65188	drivers/gpu/drm/gma500/intel_i2c.c
9b87fdc9af2fbfcdb5c24a64139685ef80f6573f	428aff92a7bb9474c55d748b6afe39e89fec7a2d	drivers/gpu/drm/gma500/mid_bios.c
9b87fdc9af2fbfcdb5c24a64139685ef80f6573f	8707f7c893a734aa0068e35bec9e90b11eebbf62	drivers/gpu/drm/gma500/mid_bios.h
9b87fdc9af2fbfcdb5c24a64139685ef80f6573f	4fbc22a59ac7a9e76a373b65cd7fcf97aa1605ba	drivers/gpu/drm/gma500/mmu.c
9b87fdc9af2fbfcdb5c24a64139685ef80f6573f	e6d39703718c49a7c6345f8787593acd049e0130	drivers/gpu/drm/gma500/mmu.h
9b87fdc9af2fbfcdb5c24a64139685ef80f6573f	8d20fa2ee2863f8753126289715d23e731a9bf96	drivers/gpu/drm/gma500/oaktrail.h
9b87fdc9af2fbfcdb5c24a64139685ef80f6573f	086d14678a8ec901cb0bdac5b22d93b2f8c05d56	drivers/gpu/drm/gma500/oaktrail_crtc.c
9b87fdc9af2fbfcdb5c24a64139685ef80f6573f	2531959d3d77017a534e329fc911354d4647f97c	drivers/gpu/drm/gma500/oaktrail_device.c
9b87fdc9af2fbfcdb5c24a64139685ef80f6573f	5a61321760861d966858023cb37b36933766460d	drivers/gpu/drm/gma500/oaktrail_hdmi.c
9b87fdc9af2fbfcdb5c24a64139685ef80f6573f	a780643f25aa46f7a42aa1d784478ea19ff10123	drivers/gpu/drm/gma500/oaktrail_hdmi_i2c.c
9b87fdc9af2fbfcdb5c24a64139685ef80f6573f	425796d8d6c3dc077b9fc8a67d44cb35c98186f2	drivers/gpu/drm/gma500/oaktrail_lvds.c
9b87fdc9af2fbfcdb5c24a64139685ef80f6573f	bbfbe893d1c42c9d681383ab9aa2784acad19adb	drivers/gpu/drm/gma500/oaktrail_lvds_i2c.c
9b87fdc9af2fbfcdb5c24a64139685ef80f6573f	5f0daa25b86da9e3b54415f6e184189e223344c5	drivers/gpu/drm/gma500/opregion.c
9b87fdc9af2fbfcdb5c24a64139685ef80f6573f	4a90f8b0e16cb122ac0ebd62c6b8ddfcd9df9783	drivers/gpu/drm/gma500/opregion.h
9b87fdc9af2fbfcdb5c24a64139685ef80f6573f	186af29bea6fb80ad86bb6a2321fc9378ebfccad	drivers/gpu/drm/gma500/power.c
9b87fdc9af2fbfcdb5c24a64139685ef80f6573f	063328d66652c63b653a5a10fa4bff89a92eaa30	drivers/gpu/drm/gma500/power.h
9b87fdc9af2fbfcdb5c24a64139685ef80f6573f	6dece8f0e380f7a447d582d6f914caa8d3d3704a	drivers/gpu/drm/gma500/psb_device.c
9b87fdc9af2fbfcdb5c24a64139685ef80f6573f	3f11179562c92b5174de4446aedb1f66cf16b256	drivers/gpu/drm/gma500/psb_device.h
9b87fdc9af2fbfcdb5c24a64139685ef80f6573f	d17cb5b4a4bf2d80e8fa0e83dd09cabff5b20fe1	drivers/gpu/drm/gma500/psb_drv.c
9b87fdc9af2fbfcdb5c24a64139685ef80f6573f	db197b865b90a020ac0975c4cc6a5bd00627a29a	drivers/gpu/drm/gma500/psb_drv.h
9b87fdc9af2fbfcdb5c24a64139685ef80f6573f	0df75a4a773961b22041cca5bb3417414bb6d4e2	drivers/gpu/drm/gma500/psb_intel_display.c
9b87fdc9af2fbfcdb5c24a64139685ef80f6573f	979ea8ecf0d59254f187cf9d22df033213c7eb4a	drivers/gpu/drm/gma500/psb_intel_drv.h
9b87fdc9af2fbfcdb5c24a64139685ef80f6573f	cd882786d9461689ca92ba354ff84d131e751e4a	drivers/gpu/drm/gma500/psb_intel_lvds.c
9b87fdc9af2fbfcdb5c24a64139685ef80f6573f	45b10f30a2a90b8c594cdda15e0627cd7d00fdaa	drivers/gpu/drm/gma500/psb_intel_modes.c
9b87fdc9af2fbfcdb5c24a64139685ef80f6573f	ced7b433befbbfe5dfcf2af9c6533dc17a10e638	drivers/gpu/drm/gma500/psb_intel_reg.h
9b87fdc9af2fbfcdb5c24a64139685ef80f6573f	3ca11aad569d99c16bffdf7ae83252a93486fd5b	drivers/gpu/drm/gma500/psb_intel_sdvo.c
9b87fdc9af2fbfcdb5c24a64139685ef80f6573f	600e79744d68cdaaa2e90e2c8fc6dbd6cdebf2b3	drivers/gpu/drm/gma500/psb_intel_sdvo_regs.h
9b87fdc9af2fbfcdb5c24a64139685ef80f6573f	c224c7ff353ce35ba36b3c2b0a4cff4bff478578	drivers/gpu/drm/gma500/psb_irq.c
9b87fdc9af2fbfcdb5c24a64139685ef80f6573f	7648f69824a5d4c5b2edf381b30c56524c4cf9c6	drivers/gpu/drm/gma500/psb_irq.h
9b87fdc9af2fbfcdb5c24a64139685ef80f6573f	2a229a0ef36c0d76d9eea29ad75107b5784f4a08	drivers/gpu/drm/gma500/psb_reg.h
9b87fdc9af2fbfcdb5c24a64139685ef80f6573f	d7b89508311ffc6cbe1ccd302a6e84dfa83bf6fe	drivers/i2c/busses/Kconfig
9b87fdc9af2fbfcdb5c24a64139685ef80f6573f	3755c54b3d82844593be3ad9eebb7d044514a88a	drivers/i2c/busses/Makefile
9b87fdc9af2fbfcdb5c24a64139685ef80f6573f	34bbbb8c52f6ac136f8024e0347ac652d1374b4e	drivers/i2c/busses/i2c-acorn.c
9b87fdc9af2fbfcdb5c24a64139685ef80f6573f	1eac358380405838d15551e353605cab0a7e5e65	drivers/i2c/busses/i2c-ali1535.c
9b87fdc9af2fbfcdb5c24a64139685ef80f6573f	ee4fd66dedb0de8455a139c0a3a4a19d1ca32a2d	drivers/i2c/busses/i2c-ali1563.c
9b87fdc9af2fbfcdb5c24a64139685ef80f6573f	418d11266671e314aa2fb882ece025dc0ae998da	drivers/i2c/busses/i2c-ali15x3.c
9b87fdc9af2fbfcdb5c24a64139685ef80f6573f	2da73173ce248fe7151913ffd5a564c15d7ec8b3	drivers/i2c/busses/i2c-altera.c
9b87fdc9af2fbfcdb5c24a64139685ef80f6573f	b0b40fe1d79bfe0fb5a0d599f604a0e4c82a5863	drivers/i2c/busses/i2c-amd-asf-plat.c
9b87fdc9af2fbfcdb5c24a64139685ef80f6573f	5b41d18b62d31cc74133893989cfb04ccf863d64	drivers/i2c/busses/i2c-amd-mp2-pci.c
9b87fdc9af2fbfcdb5c24a64139685ef80f6573f	9fdd6a5fb8b65cf23ac65aa8c7b69983a2c1f56b	drivers/i2c/busses/i2c-amd-mp2-plat.c
9b87fdc9af2fbfcdb5c24a64139685ef80f6573f	9b7e9494dd1239b56093df5e5f82a6768649312f	drivers/i2c/busses/i2c-amd-mp2.h
9b87fdc9af2fbfcdb5c24a64139685ef80f6573f	3621c02f1cbabd8c5e9d8a4ae1494ada78726b15	drivers/i2c/busses/i2c-amd756.c
9b87fdc9af2fbfcdb5c24a64139685ef80f6573f	dd9ac4bb6704adf967116819bcf716c5948866fc	drivers/i2c/busses/i2c-amd8111.c
9b87fdc9af2fbfcdb5c24a64139685ef80f6573f	a26b74c712061188bf761b28247f5cef44b67515	drivers/i2c/busses/i2c-aspeed.c
9b87fdc9af2fbfcdb5c24a64139685ef80f6573f	b64adef778d4b85c7c14a2172d43bb7f1a1f3f39	drivers/i2c/busses/i2c-at91-core.c
9b87fdc9af2fbfcdb5c24a64139685ef80f6573f	894cedbca99f57859fc9d412196603a7d686e168	drivers/i2c/busses/i2c-at91-master.c
9b87fdc9af2fbfcdb5c24a64139685ef80f6573f	131a67d9d4a68910cf225d7474b91d2fc03e1c23	drivers/i2c/busses/i2c-at91-slave.c
9b87fdc9af2fbfcdb5c24a64139685ef80f6573f	942e9c3973bb57826fc5addfa0af4ea25fb66f8d	drivers/i2c/busses/i2c-at91.h
9b87fdc9af2fbfcdb5c24a64139685ef80f6573f	b78b38ddac463b5b70d17255be994ac47602ca66	drivers/i2c/busses/i2c-au1550.c
9b87fdc9af2fbfcdb5c24a64139685ef80f6573f	0555eeb6903a1fe769096b9233f46e834155b788	drivers/i2c/busses/i2c-axxia.c
9b87fdc9af2fbfcdb5c24a64139685ef80f6573f	66bb3bfdaa4c03b576a60221f98b27ca4601997c	drivers/i2c/busses/i2c-bcm-iproc.c
9b87fdc9af2fbfcdb5c24a64139685ef80f6573f	d4f287b31fd769a9d88e044424fe99224702a9d7	drivers/i2c/busses/i2c-bcm-kona.c
9b87fdc9af2fbfcdb5c24a64139685ef80f6573f	0d7e2654a534e92a529f27fdc049812359678522	drivers/i2c/busses/i2c-bcm2835.c
9b87fdc9af2fbfcdb5c24a64139685ef80f6573f	5fa30e8926c53a3db6938b2a8f7ba8e5ad51847f	drivers/i2c/busses/i2c-brcmstb.c
9b87fdc9af2fbfcdb5c24a64139685ef80f6573f	da8770182a18624647b9400ad060e811567764f2	drivers/i2c/busses/i2c-cadence.c
9b87fdc9af2fbfcdb5c24a64139685ef80f6573f	8065c7e4462e8ebe4928d04f0f48e1d0772dbb3e	drivers/i2c/busses/i2c-cbus-gpio.c
9b87fdc9af2fbfcdb5c24a64139685ef80f6573f	d97233862a6c8d7e8391b67ce40a0048980e3529	drivers/i2c/busses/i2c-ccgx-ucsi.c
9b87fdc9af2fbfcdb5c24a64139685ef80f6573f	739ac7a4b117f8745d2142b6b54f706611c3b780	drivers/i2c/busses/i2c-ccgx-ucsi.h
9b87fdc9af2fbfcdb5c24a64139685ef80f6573f	25a74fa51aa00263b06379c1444487b16d1a705d	drivers/i2c/busses/i2c-cgbc.c
9b87fdc9af2fbfcdb5c24a64139685ef80f6573f	606ac071cb8039f36e668e74228a4a51e7245414	drivers/i2c/busses/i2c-cht-wc.c
9b87fdc9af2fbfcdb5c24a64139685ef80f6573f	951de6249834214fd5ce38224c1cdd380fc7bbf9	drivers/i2c/busses/i2c-cp2615.c
9b87fdc9af2fbfcdb5c24a64139685ef80f6573f	2cb6a233d31330c4a74f2661433194e3d9494876	drivers/i2c/busses/i2c-cpm.c
9b87fdc9af2fbfcdb5c24a64139685ef80f6573f	208ce4f9e782cdc5e08a5c91ccc8ddfeb4c6ef04	drivers/i2c/busses/i2c-cros-ec-tunnel.c
9b87fdc9af2fbfcdb5c24a64139685ef80f6573f	e15eef163a8f835a0ef09665a608159e5480a79b	drivers/i2c/busses/i2c-davinci.c
9b87fdc9af2fbfcdb5c24a64139685ef80f6573f	9f0ec0fae6f23552e82e6a9ee450abf5ee164c33	drivers/i2c/busses/i2c-designware-amdisp.c
9b87fdc9af2fbfcdb5c24a64139685ef80f6573f	186f9b9f48b4000b2d7607a534810f0802b5b972	drivers/i2c/busses/i2c-designware-amdpsp.c
9b87fdc9af2fbfcdb5c24a64139685ef80f6573f	45774aa47c28c65c510b523eddc08348de30cfd4	drivers/i2c/busses/i2c-designware-baytrail.c
9b87fdc9af2fbfcdb5c24a64139685ef80f6573f	a1eca6cd4b75e9a76f2fc10afba8877d2b45417d	drivers/i2c/busses/i2c-designware-common.c
9b87fdc9af2fbfcdb5c24a64139685ef80f6573f	2c929a6e8da2a35b3b2d8ad886e326e2df285927	drivers/i2c/busses/i2c-designware-core.h
9b87fdc9af2fbfcdb5c24a64139685ef80f6573f	a1bcc3797e4ffef0edb9d3e978eab20a3c09d6aa	drivers/i2c/busses/i2c-designware-master.c
9b87fdc9af2fbfcdb5c24a64139685ef80f6573f	468287922363a29855c437eee11ec4c41f0a0da4	drivers/i2c/busses/i2c-designware-pcidrv.c
9b87fdc9af2fbfcdb5c24a64139685ef80f6573f	447af5523c2e4fc74e93f3cd22f8f0b380617e9c	drivers/i2c/busses/i2c-designware-platdrv.c
9b87fdc9af2fbfcdb5c24a64139685ef80f6573f	0abcc7757b2312d824d4c2d86b3c364c0c9082bb	drivers/i2c/busses/i2c-designware-slave.c
9b87fdc9af2fbfcdb5c24a64139685ef80f6573f	38d7f31aee79c13b6d8a0be9ad99e98b26f19d9f	drivers/i2c/busses/i2c-digicolor.c
9b87fdc9af2fbfcdb5c24a64139685ef80f6573f	d502f6e4732fcdea029485ff550e29a9b31817f7	drivers/i2c/busses/i2c-diolan-u2c.c
9b87fdc9af2fbfcdb5c24a64139685ef80f6573f	bde2ef09886268150d26d1ee73429a652fef605e	drivers/i2c/busses/i2c-dln2.c
9b87fdc9af2fbfcdb5c24a64139685ef80f6573f	8c67ab4f2aad333659a5b94478d9b69e9924df18	drivers/i2c/busses/i2c-eg20t.c
9b87fdc9af2fbfcdb5c24a64139685ef80f6573f	cfe8665cacd270d9e8599106a06d7a0e9237cfae	drivers/i2c/busses/i2c-elektor.c
9b87fdc9af2fbfcdb5c24a64139685ef80f6573f	ece019b3d066e51021f02171d974d8b153d3592d	drivers/i2c/busses/i2c-emev2.c
9b87fdc9af2fbfcdb5c24a64139685ef80f6573f	9c1c5f3c09f6df2fddd123d83fd1a28208a8f12d	drivers/i2c/busses/i2c-exynos5.c
9b87fdc9af2fbfcdb5c24a64139685ef80f6573f	b2dc5ae1d0e4b817b5820783b0acfbf7ba7b788b	drivers/i2c/busses/i2c-fsi.c
9b87fdc9af2fbfcdb5c24a64139685ef80f6573f	6294b0b0cc8f710013493d78b8fd6300697528b0	drivers/i2c/busses/i2c-gpio.c
9b87fdc9af2fbfcdb5c24a64139685ef80f6573f	6a5cef7e4383970f4d449942d8048f950364e8d4	drivers/i2c/busses/i2c-gxp.c
9b87fdc9af2fbfcdb5c24a64139685ef80f6573f	a53b4bb7c3c0487ea028453cca6d09f6e4a993a3	drivers/i2c/busses/i2c-highlander.c
9b87fdc9af2fbfcdb5c24a64139685ef80f6573f	ba5c9579ae19013e5c961c3ac1b1bdcd8a577e00	drivers/i2c/busses/i2c-hisi.c
9b87fdc9af2fbfcdb5c24a64139685ef80f6573f	95ab910b80c0e2592ced234eee5ebce6bcac6a60	drivers/i2c/busses/i2c-hix5hd2.c
9b87fdc9af2fbfcdb5c24a64139685ef80f6573f	c60b73e933cf48dac0d2d23b3b2a2f472bd791e6	drivers/i2c/busses/i2c-hydra.c
9b87fdc9af2fbfcdb5c24a64139685ef80f6573f	b29c99ed38839371669811720ccf361c2db4cdad	drivers/i2c/busses/i2c-i801.c
9b87fdc9af2fbfcdb5c24a64139685ef80f6573f	7c70e8bda24e3d26ad5ca571ebd846a9ec4e9daa	drivers/i2c/busses/i2c-ibm_iic.c
9b87fdc9af2fbfcdb5c24a64139685ef80f6573f	f0288889c70f8362696043c318c047d3b2fb6e8a	drivers/i2c/busses/i2c-ibm_iic.h
9b87fdc9af2fbfcdb5c24a64139685ef80f6573f	55496e48ccd19b6fab1716d7cc3125c5a1b7fd3d	drivers/i2c/busses/i2c-icy.c
9b87fdc9af2fbfcdb5c24a64139685ef80f6573f	88192c25c44cda317f66781dc66a7ec5b27b5793	drivers/i2c/busses/i2c-img-scb.c
9b87fdc9af2fbfcdb5c24a64139685ef80f6573f	1cfd7a4c8237019de3562090fcd73ba12f61fa61	drivers/i2c/busses/i2c-imx-lpi2c.c
9b87fdc9af2fbfcdb5c24a64139685ef80f6573f	19ec056b00afeba708b90e3aac73c3136109e64a	drivers/i2c/busses/i2c-imx.c
9b87fdc9af2fbfcdb5c24a64139685ef80f6573f	4c67c5d18f34b6c857612a1d97380d2962562551	drivers/i2c/busses/i2c-iop3xx.c
9b87fdc9af2fbfcdb5c24a64139685ef80f6573f	143548335504a68e627e777b4e30ed88456d7a94	drivers/i2c/busses/i2c-iop3xx.h
9b87fdc9af2fbfcdb5c24a64139685ef80f6573f	a2ac992f9cb0d2accfaa979b802b98c3b7fbe3af	drivers/i2c/busses/i2c-isch.c
9b87fdc9af2fbfcdb5c24a64139685ef80f6573f	7aaefb21416ab65a62f0b66e64a123ed826e9179	drivers/i2c/busses/i2c-ismt.c
9b87fdc9af2fbfcdb5c24a64139685ef80f6573f	695be3b21460856c544a31c6834a2376784dcdbd	drivers/i2c/busses/i2c-jz4780.c
9b87fdc9af2fbfcdb5c24a64139685ef80f6573f	4e1d675411322034b8da2f2ac1d0855256393bcf	drivers/i2c/busses/i2c-k1.c
9b87fdc9af2fbfcdb5c24a64139685ef80f6573f	9420c8b342b573da435eeef5a05efde35d61434d	drivers/i2c/busses/i2c-keba.c
9b87fdc9af2fbfcdb5c24a64139685ef80f6573f	9b4c7cba62b64c5557c257c32832eedf77db7142	drivers/i2c/busses/i2c-kempld.c
9b87fdc9af2fbfcdb5c24a64139685ef80f6573f	93274f0c2d72166bf017f65af797f418743b6a57	drivers/i2c/busses/i2c-ljca.c
9b87fdc9af2fbfcdb5c24a64139685ef80f6573f	ccd13c4fb83eeb3913e91dd81eaf4cf1aa6a76a5	drivers/i2c/busses/i2c-lpc2k.c
9b87fdc9af2fbfcdb5c24a64139685ef80f6573f	9df73557ecc409456c5ca70dd8553a8be20735ca	drivers/i2c/busses/i2c-ls2x-v2.c
9b87fdc9af2fbfcdb5c24a64139685ef80f6573f	af7bf61b0f4d7f47e26d4c312733a759c82f684f	drivers/i2c/busses/i2c-ls2x.c
9b87fdc9af2fbfcdb5c24a64139685ef80f6573f	bc0f1a0c8ee13b5850c97fea8ae97180e63471b1	drivers/i2c/busses/i2c-mchp-pci1xxxx.c
9b87fdc9af2fbfcdb5c24a64139685ef80f6573f	0d9032953e48dae6333404b842c35c3299cde338	drivers/i2c/busses/i2c-meson.c
9b87fdc9af2fbfcdb5c24a64139685ef80f6573f	5a429f17359ff63e027bb1bb7721a62f88ae306a	drivers/i2c/busses/i2c-microchip-corei2c.c
9b87fdc9af2fbfcdb5c24a64139685ef80f6573f	24ccc4546ab881c0707aef9f4648f4387bc55dd4	drivers/i2c/busses/i2c-mlxbf.c
9b87fdc9af2fbfcdb5c24a64139685ef80f6573f	07d3cadbf5102a757cdd51e593170244341738cf	drivers/i2c/busses/i2c-mlxcpld.c
9b87fdc9af2fbfcdb5c24a64139685ef80f6573f	a21fa45bd64c47214498092dc70d6bdbba509590	drivers/i2c/busses/i2c-mpc.c
9b87fdc9af2fbfcdb5c24a64139685ef80f6573f	307925fb78e361d469357ceb21e6fce449f4f88b	drivers/i2c/busses/i2c-mt65xx.c
9b87fdc9af2fbfcdb5c24a64139685ef80f6573f	0a288c998419b3db62a86c45a01568652028e57b	drivers/i2c/busses/i2c-mt7621.c
9b87fdc9af2fbfcdb5c24a64139685ef80f6573f	1acba628e16c3bd1dbf82c777162870cbe3815ef	drivers/i2c/busses/i2c-mv64xxx.c
9b87fdc9af2fbfcdb5c24a64139685ef80f6573f	eee4fdcd9df31a77568232d03024fa7755118bdc	drivers/i2c/busses/i2c-mxs.c
9b87fdc9af2fbfcdb5c24a64139685ef80f6573f	1413ab6f94628b26bffabf1134fe701d2ace9e26	drivers/i2c/busses/i2c-nct6694.c
9b87fdc9af2fbfcdb5c24a64139685ef80f6573f	7064fab81eacd416756906cc2ff0567ac44a3465	drivers/i2c/busses/i2c-nforce2.c
9b87fdc9af2fbfcdb5c24a64139685ef80f6573f	c3878670da9cfa462b66919ddc58b55cc78db6e5	drivers/i2c/busses/i2c-nomadik.c
9b87fdc9af2fbfcdb5c24a64139685ef80f6573f	f667a873b81e096a76c400083f1955a396becb4d	drivers/i2c/busses/i2c-npcm7xx.c
9b87fdc9af2fbfcdb5c24a64139685ef80f6573f	14c059b0394574cb6fcac37154b4c420761954a3	drivers/i2c/busses/i2c-nvidia-gpu.c
9b87fdc9af2fbfcdb5c24a64139685ef80f6573f	2d18c10358375fb398e71ae108c9e628cd0178ed	drivers/i2c/busses/i2c-ocores.c
9b87fdc9af2fbfcdb5c24a64139685ef80f6573f	93a49e4637ec93571fe8c361109a53c09cc7d472	drivers/i2c/busses/i2c-octeon-core.c
9b87fdc9af2fbfcdb5c24a64139685ef80f6573f	aba81477d7d4f1797edddd30e7e313e71056ccc3	drivers/i2c/busses/i2c-octeon-core.h
9b87fdc9af2fbfcdb5c24a64139685ef80f6573f	edfca7b20f291674bb9b89951b776ebfb59bf2a7	drivers/i2c/busses/i2c-octeon-platdrv.c
9b87fdc9af2fbfcdb5c24a64139685ef80f6573f	f02d294db42a6567dbcf65d0438e1648f987d912	drivers/i2c/busses/i2c-omap.c
9b87fdc9af2fbfcdb5c24a64139685ef80f6573f	c9b62892397a0f908206d1b0b7b7e02a8cfba0cb	drivers/i2c/busses/i2c-opal.c
9b87fdc9af2fbfcdb5c24a64139685ef80f6573f	84a195e358866d693fb6d435a5beaaee640fd2e2	drivers/i2c/busses/i2c-owl.c
9b87fdc9af2fbfcdb5c24a64139685ef80f6573f	e438ec8175d9c2ad0db95a6f013114779ca542a8	drivers/i2c/busses/i2c-parport.c
9b87fdc9af2fbfcdb5c24a64139685ef80f6573f	f4eca44ed18395331a366537bd06f2eb3ba08e21	drivers/i2c/busses/i2c-pasemi-core.c
9b87fdc9af2fbfcdb5c24a64139685ef80f6573f	88821f4e8a9f8ac183b3d736d9b58de795bdc058	drivers/i2c/busses/i2c-pasemi-core.h
9b87fdc9af2fbfcdb5c24a64139685ef80f6573f	b9ccb54ec77e22bb1b77848c858e2e0cc51db7e3	drivers/i2c/busses/i2c-pasemi-pci.c
9b87fdc9af2fbfcdb5c24a64139685ef80f6573f	a486a37d386345ebd491f6fb82cd4e7d2ef990cf	drivers/i2c/busses/i2c-pasemi-platform.c
9b87fdc9af2fbfcdb5c24a64139685ef80f6573f	0cbf2f5095275771bd4f7334eb2f1924bbabdb67	drivers/i2c/busses/i2c-pca-isa.c
9b87fdc9af2fbfcdb5c24a64139685ef80f6573f	c0f35ebbe37dd36f2da0f4f6efac13b6a8f3e513	drivers/i2c/busses/i2c-pca-platform.c
9b87fdc9af2fbfcdb5c24a64139685ef80f6573f	7b6a4e201be4a211c3b84e57fb7d8e0adc9895b7	drivers/i2c/busses/i2c-piix4.c
9b87fdc9af2fbfcdb5c24a64139685ef80f6573f	36bc6ce82a27958977b9f4974d288e0a87987744	drivers/i2c/busses/i2c-piix4.h
9b87fdc9af2fbfcdb5c24a64139685ef80f6573f	e1cc2b2bd628f35e2e50111047c8475cdba73c9c	drivers/i2c/busses/i2c-pnx.c
9b87fdc9af2fbfcdb5c24a64139685ef80f6573f	f99a2cc721a81dc328bc03ea88ff959cafe0f05a	drivers/i2c/busses/i2c-powermac.c
9b87fdc9af2fbfcdb5c24a64139685ef80f6573f	92a0647f08c69f841ca99caca757c1728b3f6fce	drivers/i2c/busses/i2c-pxa-pci.c
9b87fdc9af2fbfcdb5c24a64139685ef80f6573f	c9927a389aaf592391ccfc08cad0ff725fb25b56	drivers/i2c/busses/i2c-pxa.c
9b87fdc9af2fbfcdb5c24a64139685ef80f6573f	25b6e4e9e3fa3152dfff6d3ec047b50e3a923698	drivers/i2c/busses/i2c-qcom-cci.c
9b87fdc9af2fbfcdb5c24a64139685ef80f6573f	00013b41a6f597ed71c32778653ff012f9793bed	drivers/i2c/busses/i2c-qcom-geni.c
9b87fdc9af2fbfcdb5c24a64139685ef80f6573f	ee7915ee2ba2f0883129871408a414b1ea2e95bd	drivers/i2c/busses/i2c-qup.c
9b87fdc9af2fbfcdb5c24a64139685ef80f6573f	755064804cb2103590d94fcad52fc36cf0f1f5f1	drivers/i2c/busses/i2c-rcar.c
9b87fdc9af2fbfcdb5c24a64139685ef80f6573f	2fa48219b66bdeab2e95112b3feae12229fac8c8	drivers/i2c/busses/i2c-riic.c
9b87fdc9af2fbfcdb5c24a64139685ef80f6573f	fcede9f6ed545a710488c44bbaf03328577a718c	drivers/i2c/busses/i2c-rk3x.c
9b87fdc9af2fbfcdb5c24a64139685ef80f6573f	412fa8e37f69e1e074f99f60fc11cbdcda5783f2	drivers/i2c/busses/i2c-robotfuzz-osif.c
9b87fdc9af2fbfcdb5c24a64139685ef80f6573f	3a8225b0666c07016cf99379c1b1a245cd06a698	drivers/i2c/busses/i2c-rtl9300.c
9b87fdc9af2fbfcdb5c24a64139685ef80f6573f	206a99e722a3761b8ff5ebc9a29505886058ca85	drivers/i2c/busses/i2c-rzv2m.c
9b87fdc9af2fbfcdb5c24a64139685ef80f6573f	15e14a6fe6dce97ddd5d049b405ed7707fc12dff	drivers/i2c/busses/i2c-s3c2410.c
9b87fdc9af2fbfcdb5c24a64139685ef80f6573f	324a63efa1ab90027854646f84142f052a966537	drivers/i2c/busses/i2c-scmi.c
9b87fdc9af2fbfcdb5c24a64139685ef80f6573f	ba0cbb36ab15b3f68d5d15baae2c55075d88f6b1	drivers/i2c/busses/i2c-sh7760.c
9b87fdc9af2fbfcdb5c24a64139685ef80f6573f	dae8967f8749028b8b4f30420abad06ad7e51e47	drivers/i2c/busses/i2c-sh_mobile.c
9b87fdc9af2fbfcdb5c24a64139685ef80f6573f	49f8f4f1b0f0fc8eedbde2e2d57756bea432da3f	drivers/i2c/busses/i2c-sibyte.c
9b87fdc9af2fbfcdb5c24a64139685ef80f6573f	b4ca256a0aa93fa494ead27c845d79e9f9ce4023	drivers/i2c/busses/i2c-simtec.c
9b87fdc9af2fbfcdb5c24a64139685ef80f6573f	ca06fffb8f61ff1ec9ea7d4e819cb95a6de577bd	drivers/i2c/busses/i2c-sis5595.c
9b87fdc9af2fbfcdb5c24a64139685ef80f6573f	3d0638c2bc5140a3b1d983ecdaadc25c36bd1a65	drivers/i2c/busses/i2c-sis630.c
9b87fdc9af2fbfcdb5c24a64139685ef80f6573f	eee41dc9d706c3f702065a26650b100a1a28caca	drivers/i2c/busses/i2c-sis96x.c
9b87fdc9af2fbfcdb5c24a64139685ef80f6573f	c42925f9a330b80a5aa821e2dcefb92d70faf505	drivers/i2c/busses/i2c-sprd.c
9b87fdc9af2fbfcdb5c24a64139685ef80f6573f	0a2b43b5577ba1ae40d99610ec9163e1f5623136	drivers/i2c/busses/i2c-st.c
9b87fdc9af2fbfcdb5c24a64139685ef80f6573f	064e47d6c96fdbe68e23ba1c7066eed327de5a81	drivers/i2c/busses/i2c-stm32.c
9b87fdc9af2fbfcdb5c24a64139685ef80f6573f	2c21893905a30148f622e362f969cba32e94122e	drivers/i2c/busses/i2c-stm32.h
9b87fdc9af2fbfcdb5c24a64139685ef80f6573f	579ab29ef5543ecb732a92d1698898c87f663abf	drivers/i2c/busses/i2c-stm32f4.c
9b87fdc9af2fbfcdb5c24a64139685ef80f6573f	6bd281a9ef7232a5b2e6a8d91ed4aff544d15949	drivers/i2c/busses/i2c-stm32f7.c
9b87fdc9af2fbfcdb5c24a64139685ef80f6573f	4f70b12a9559a3fe6c29d34664fd03f449752a34	drivers/i2c/busses/i2c-sun6i-p2wi.c
9b87fdc9af2fbfcdb5c24a64139685ef80f6573f	0216e398f274027420b6fc74c2722e5faf7b7772	drivers/i2c/busses/i2c-synquacer.c
9b87fdc9af2fbfcdb5c24a64139685ef80f6573f	debaf5189a83eea110bd194178085281de9e0bb5	drivers/i2c/busses/i2c-taos-evm.c
9b87fdc9af2fbfcdb5c24a64139685ef80f6573f	bb0de6db6391bc2a262d8673c6aa65143a5d411c	drivers/i2c/busses/i2c-tegra-bpmp.c
9b87fdc9af2fbfcdb5c24a64139685ef80f6573f	9c281b4905ebda50bf9be7d1ec7ec94bf8abd96e	drivers/i2c/busses/i2c-tegra.c
9b87fdc9af2fbfcdb5c24a64139685ef80f6573f	3959f23fc4407d711418000f0c2a67ed163972a0	drivers/i2c/busses/i2c-thunderx-pcidrv.c
9b87fdc9af2fbfcdb5c24a64139685ef80f6573f	73355a56aabf4eaaeb44bc902025167f15ec7670	drivers/i2c/busses/i2c-tiny-usb.c
9b87fdc9af2fbfcdb5c24a64139685ef80f6573f	7190802a493c30fc5a90fcffd0646914cc1bdba8	drivers/i2c/busses/i2c-uniphier-f.c
9b87fdc9af2fbfcdb5c24a64139685ef80f6573f	ad7bbf5e246607712837abc31f04b3304950dc64	drivers/i2c/busses/i2c-uniphier.c
9b87fdc9af2fbfcdb5c24a64139685ef80f6573f	259754e5fd05b291738e4e27aab7c8ee05c1d152	drivers/i2c/busses/i2c-usbio.c
9b87fdc9af2fbfcdb5c24a64139685ef80f6573f	a1ab6ef6f0716df70e47514bc661eb5b3b854728	drivers/i2c/busses/i2c-versatile.c
9b87fdc9af2fbfcdb5c24a64139685ef80f6573f	2c26a57883f2a1067530ead52a925c28f210ce59	drivers/i2c/busses/i2c-via.c
9b87fdc9af2fbfcdb5c24a64139685ef80f6573f	5a53ed95a59b6739a230725f0d835e257f98f523	drivers/i2c/busses/i2c-viai2c-common.c
9b87fdc9af2fbfcdb5c24a64139685ef80f6573f	00f17733223c57eb92828a3806c23f6c3f589e8a	drivers/i2c/busses/i2c-viai2c-common.h
9b87fdc9af2fbfcdb5c24a64139685ef80f6573f	d3dda7534b0aec3aeec558266914afc5f194e9a3	drivers/i2c/busses/i2c-viai2c-wmt.c
9b87fdc9af2fbfcdb5c24a64139685ef80f6573f	764a2dbc957ab8011fe5c0986c54e68aff6725ea	drivers/i2c/busses/i2c-viai2c-zhaoxin.c
9b87fdc9af2fbfcdb5c24a64139685ef80f6573f	c58843609107038fa44ad7ccb8883bc0c116e5e4	drivers/i2c/busses/i2c-viapro.c
9b87fdc9af2fbfcdb5c24a64139685ef80f6573f	f596efcc291c2258ece2df4d43ae2d23c905fc18	drivers/i2c/busses/i2c-viperboard.c
9b87fdc9af2fbfcdb5c24a64139685ef80f6573f	5da6fef92bec36f6d6996001da22e0183f5e6972	drivers/i2c/busses/i2c-virtio.c
9b87fdc9af2fbfcdb5c24a64139685ef80f6573f	b29dec66b2c33ed068725cc64b02b050c163f51a	drivers/i2c/busses/i2c-xgene-slimpro.c
9b87fdc9af2fbfcdb5c24a64139685ef80f6573f	3e7735e1dae009040f941b97ab89258465f268a1	drivers/i2c/busses/i2c-xiic.c
9b87fdc9af2fbfcdb5c24a64139685ef80f6573f	ad0e5cd218f0fceaea064da021bddfe32d98ccf9	drivers/i2c/busses/i2c-xlp9xx.c
9b87fdc9af2fbfcdb5c24a64139685ef80f6573f	0cd0a18a70829d7ce53d8e9bf47f48fe017a846b	drivers/i2c/busses/scx200_acb.c
9b87fdc9af2fbfcdb5c24a64139685ef80f6573f	6fb81b42ea6174d7c5519b0f5875ab5d00614ee6	tools/power/cpupower/debug/i386/dump_psb.c
