02b1c54a1d3b4e748b7eb3cefe26933152f1477e	b4cafb776e0484b5f42b9ce6a8859ce1ed342bad	2017-12-01T13:49:33+05:30	2017-12-01T13:54:57+05:30	um: support Mesa-style soname
032667ce12e55f79714c84da7ab29a0ef8261eb5	ee266bb47c7b9b052d67e491fa8c28e301c36691	2019-02-26T11:48:42-05:00	2019-02-26T11:48:42-05:00	DDK 1.17 cleanup and bug fixes plus DDK 1.14 patches rebased
07b5f98d2af8de4dcf076d470dd6c817f389c8c0	5830fc09a5f37ca89b718d7c60a838e0267a6371	2019-01-10T18:01:15+05:30	2019-01-10T18:01:15+05:30	um: Major bugfixes and feature additions
0870670b6b9b2bd937d66d9dcb51a97be059fc72	e814037b7f38061e31a30eb49a631893580ec6c2	2019-01-11T15:30:38+05:30	2019-01-11T15:30:38+05:30	um: wlegl: add apphint to configure yuv CSC range
0af11b676900de5a3e5550728fe18acd88c29848	24a8d8dedb388b6b8ea64fa8fcdd8990f205aff8	2014-08-30T17:58:02+05:30	2014-08-30T17:58:02+05:30	Export EGLImage targets and attributes
0afd9f72d0999cf8922d0f5d1a89ed000565c6e6	4a687437492f359c813a46215439a2df09a37f47	2017-01-23T16:33:09+05:30	2017-01-23T16:33:09+05:30	um: front buffer mode added for null_drm
0cdd30e2deb16d48935f876772bf196b551f9787	2c792795f8b5737e13aee522106629b6a5d61993	2017-12-22T12:57:24+05:30	2017-12-22T12:57:24+05:30	um: add support for UYVY texture formats in EGLImage
0e98623e944864f080cd886906b46ea9a5d830e5	a681febd227cfdba58b4ca6fa16b514d75cc32ba	2016-02-13T19:47:08+05:30	2016-02-13T19:47:08+05:30	package: add SGX configuration script - powervr.ini
0ecd63c800a6181849f02e75d36e03ed0c552da5	d7832995c465b01a0b318c697c9192c980e62ccf	2019-10-15T15:46:32-04:00	2019-10-15T16:26:02-04:00	Update ti654x target to Mesa3D based frontend UM libraries
0f76ac03750a4f6c09290abf6b9fced696ca192d	87d7e5c1e4db1bab048939c9719059d549c1e8dd 108f070da56cfda8f96eb4c67aa299e9a3954b08	2019-09-09T12:19:28-05:00	2019-09-09T12:19:28-05:00	Merge pull request #22 in GRAPHICS/omap5-sgx-ddk-um-linux from GFXFORK/eric-omap5-sgx-ddk-um-linux:feature/a0850410/mesa-egl15-for-am5 to dev/thud/1.17.4948957-egl-experimental
0fb080a9332db869e39a3e6ca81015cb4147613c	6808b08416cc784bde4c27e0c01d120004f5b226	2016-02-27T21:00:06+05:30	2016-02-27T21:08:05+05:30	um: remove unused libraries and binaries
108f070da56cfda8f96eb4c67aa299e9a3954b08	87d7e5c1e4db1bab048939c9719059d549c1e8dd	2019-09-09T12:09:24-04:00	2019-09-09T12:11:54-04:00	um: Add Mesa GBM with EGL 1.5 for AM5
1145367010f416dbed87884bac329158eda26777	d184140aa5c17e13e1bf21151f1a7bc068bdf8bf	2017-05-26T12:37:07+05:30	2017-05-26T12:37:07+05:30	um: use OMAP_BO flag for contiguous buffers
128975b4fe7a907827ec3d528563616b024d1b16	da68cf8afa248ca7601bab6b5f71f25d8c354df5	2017-05-15T13:51:27+05:30	2017-05-15T13:51:27+05:30	um : wait for ops_complete in wayland egl
13fcca5b7b93046cbe1d70d388945f9e514b8d76	d98526299af7d4fd62d8f4589d347ebc015c0da8	2018-04-26T15:50:50+05:30	2018-04-26T15:50:50+05:30	um: Validate mutex before lock and unlock
1634240a932550f73854d7d4474fe30e22c44f7c	93cc3bcfda94a44d58820142fa15117417d22935	2019-07-09T18:02:48+05:30	2019-07-09T18:02:48+05:30	Add HW support for GL_RED_EXT format
1cdef7f0b96d119c060ae8dac029f3dc12ee15aa	337832df9662f0842ce4704342c0e42acab22209	2023-10-13T16:07:41-05:00	2023-10-13T16:07:41-05:00	README: update readme and move to markdown
1d011ebc66d6880d28cc283c531ea7d64c227944	2736a396f9c801fc0818d830f8a3215aeb8b6534	2018-04-26T16:02:36+05:30	2018-04-27T00:17:43+05:30	ep21: 22-dec-2017 release
1d7d2069b536b2026eea04690f662103efff35f5	d63cd6469fff610317a8e1c986f227bb3e7922f6	2015-11-13T13:02:38+05:30	2015-11-13T13:02:38+05:30	um: map user space GEM BO for KMS EGL
20a3e8f4244cac277fbecda3a98c231e2104b88d	93cc3bcfda94a44d58820142fa15117417d22935 1634240a932550f73854d7d4474fe30e22c44f7c	2019-07-09T22:34:13-05:00	2019-07-09T22:34:13-05:00	Merge pull request #19 in GRAPHICS/omap5-sgx-ddk-um-linux from GFXFORK/ramprasad-omap5-sgx-ddk-um-linux:hotfix/x0038811/banma_gl_red_ext_hw_support_bin to ed/ep21
225230e5dae17836a8acf6f6e9fb6e8200af4dea		2013-10-04T18:45:16+05:30	2013-10-04T18:45:16+05:30	Imagination SGX DDK user mode libraries v1.9.11
24a8d8dedb388b6b8ea64fa8fcdd8990f205aff8	b7eda97280afc492a51179fe5858811c20d267d2	2014-08-14T02:12:48+05:30	2014-08-14T02:47:02+05:30	Removed X11 references from Makefile and README
24e093985c79cf9a60dca35a2690979459bce1e6	918f2f32d4dd27441f483ecd183da9e63372d732	2018-09-18T13:17:51+05:30	2018-09-18T13:18:59+05:30	ep21: 19-Sept-2018 release
26588d7988176b43ed7ea5a8c81faa30344fe162	ae39d9b1f9723a733c6dbaa59ce21b36e2bfecfc	2019-10-15T13:51:24-04:00	2019-10-15T15:48:01-04:00	Update ti437x target to Mesa3D based frontend UM libraries
271497b0f4747152bfa4775821e2ef33b4a894aa	ee266bb47c7b9b052d67e491fa8c28e301c36691 032667ce12e55f79714c84da7ab29a0ef8261eb5	2019-02-27T03:48:52-06:00	2019-02-27T03:48:52-06:00	Merge pull request #15 in GRAPHICS/omap5-sgx-ddk-um-linux from GFXFORK/eric-omap5-sgx-ddk-um-linux:bugfix/a0850410/ddk1.17_cleanup to ti-img-sgx/rocko/1.17.4948957
2736a396f9c801fc0818d830f8a3215aeb8b6534	da4caef619d9c6526e1c86c73ddf5cde6412572b	2018-03-01T21:33:23+05:30	2018-03-01T21:33:23+05:30	wlpvr_ws: Map DBM buffers and populate meminfo
27dd28616a44757742ae9c090b17a62235a7e805	87d7e5c1e4db1bab048939c9719059d549c1e8dd	2019-11-20T10:35:48+05:30	2019-11-20T10:35:48+05:30	um: dbm: Add apphint for DRM driver name
2a2e5bb090ced870d73ed4edbc54793e952cc6d8	87d7e5c1e4db1bab048939c9719059d549c1e8dd 0ecd63c800a6181849f02e75d36e03ed0c552da5	2019-10-25T11:56:26-05:00	2019-10-25T11:56:26-05:00	Merge pull request #25 in GRAPHICS/omap5-sgx-ddk-um-linux from GFXFORK/afd-omap5-sgx-ddk-um-linux:feature/a0226330/mesa3d-frontend to ti-img-sgx/thud/1.17.4948957
2bce2bd76259848e7d263e0a85c164480a71ba7d	271497b0f4747152bfa4775821e2ef33b4a894aa cbb4c37a4f7bc729ef3d0972c6129ae1e70e813a	2019-02-28T05:15:59-06:00	2019-02-28T05:15:59-06:00	Merge pull request #16 in GRAPHICS/omap5-sgx-ddk-um-linux from GFXFORK/eric-omap5-sgx-ddk-um-linux:feature/a0850410/enable_all_SoCs_for_lts2019 to ti-img-sgx/thud/1.17.4948957
2c792795f8b5737e13aee522106629b6a5d61993	72512a1b1752c36d02cbe224890949e6b07a7ba1	2017-12-22T12:37:08+05:30	2017-12-22T12:37:08+05:30	um: add platform detection for DRA71x, DRA76x
32ad0237d69eb190d5b702a0bb4fac060e4995f2	5830fc09a5f37ca89b718d7c60a838e0267a6371	2018-05-22T14:44:56+05:30	2018-05-22T14:44:56+05:30	um: build for vision_sdk
32ebe15572e01bb72597d44d00f50dcde1b01d10	59368886f3ddb0094b92659a00ed023bef5183b3	2013-10-07T18:34:18+05:30	2013-10-07T18:34:18+05:30	Moving the gbm libraries to gbm directory
33168125af776d63ceadf7e89bba6a9dd84e438d	73d165f284bdf861a471e429c350c33349120003	2013-12-11T13:51:38+05:30	2013-12-11T13:51:38+05:30	Add support for X11 binaries and PVR EXA driver
337832df9662f0842ce4704342c0e42acab22209	c44c55fd700204e40ed17cf5598cd372979715de	2023-10-13T15:00:17-05:00	2023-10-13T15:54:47-05:00	all: update all binaries for mesa builds
348ea7e08d8b6e7f46f73065ad3ba75614edc12c		2013-10-04T18:45:16+05:30	2023-10-13T12:29:35-05:00	all: copy the useful parts from the kirkstone-mesa branch
358fe42d34a7570896e5d1639869da564ddd0484	bbbd5cbb55e4c54d3b02456ae553bea86fd61506	2018-03-09T23:49:04+05:30	2018-03-09T23:49:04+05:30	wlpvr_ws: Map DBM buffers and populate meminfo
375a54d74a6e76ff6542b8e4fc8f2fe5703ea4b6	b6801bf89e00d69893c2957455bbeb3195c0ed52	2016-02-02T10:23:53+05:30	2016-02-02T10:23:53+05:30	um: resolve screen flicker issue with multi-layer
3a6fbbf28701188e7072a601b8bf78c3d081ef67	9e9b169175508936fd3f55c2c137fddbddf69deb	2016-02-27T22:02:09+05:30	2016-02-27T22:02:09+05:30	um: add a sample powervr.ini config file
3af51eb8fe10f73c4bb64c4cc31e44ab4676081f	54ba970e33d3c13f726d7c035f3b5c3dcb74afdc	2016-06-17T15:04:45-04:00	2016-06-17T15:04:45-04:00	um: null_drm/gbm: add RGB565 support
3c0537748dd283b2de9c5369570aa2aade5a9979	a5152f0b90bf3916eb1f478ac9fefe7d7ebe8bd9	2016-11-29T21:19:51+05:30	2016-11-29T21:19:51+05:30	um: null_drm: pass actual depth instead of width in drmModeAddFB()
3e87c6012fc32363aebe832a5739f87a23626430	f77e46ecaaa0ec73be54fb8ed2fc40f46f8df16e	2015-11-26T19:32:24+05:30	2015-11-26T19:32:24+05:30	um: free buffer if ImportGEM fails
45fcc025b06d4607f332a9a32ffd43fa0e106490	375a54d74a6e76ff6542b8e4fc8f2fe5703ea4b6	2016-02-16T18:25:00+05:30	2016-02-16T18:25:00+05:30	um: add support for YUYV EGL Images
48587c72c467fdde3de9f6f1140cab2e4aeb5c0b	b11a6df7d8911f154a44e0dca5ad850a0cfa39d5	2023-10-13T17:51:21-05:00	2023-10-13T17:51:21-05:00	Makefile: fix the init conditional and clean tmpfiles
497699ed04a92d800bdc6e60f9554b28eb1f11fd	4af754e6d5bae7bce5ae641d8cbaf6ccaef71199	2018-05-21T14:07:52+05:30	2018-05-21T14:07:52+05:30	ep21: 21-may-2018 release
4a687437492f359c813a46215439a2df09a37f47	8d4ba04a2da59989b21aacca9defdf387e321695	2016-06-07T13:31:40+05:30	2016-06-07T13:32:21+05:30	um: don't flush GC during eglMakeCurrent
4ac0dba02717a7d7196f0b38b1fd6366f5b04ca7	b6e57ccf36fc8c36d988246bc7510f0dec42d991	2015-07-23T21:48:45+05:30	2015-07-23T21:48:45+05:30	wayland: Fix SGX HW recovery issue due to delayed Weston buffer release event
4af754e6d5bae7bce5ae641d8cbaf6ccaef71199	1d011ebc66d6880d28cc283c531ea7d64c227944	2018-05-14T17:09:10+05:30	2018-05-14T17:54:14+05:30	ep21: 26-apr-2018 release
4cdbb6b192fc5cac53695faca3c3f8be16ca871d	3af51eb8fe10f73c4bb64c4cc31e44ab4676081f	2016-06-27T19:02:46+05:30	2016-06-27T19:02:46+05:30	um: disable active power management
5209293a1fff243c0a3542ab033b1b714630d5e3	850eb36179976ca886365c7d3815302c0602e952	2016-07-04T15:01:11+05:30	2016-07-04T15:01:11+05:30	um: disable active power management
53be02a24a30a4c74eb48f2c84fda789bd95ab33	b28d48ed01112c52ec649f0cb9aefd99949c4da2	2015-01-28T17:44:55+05:30	2015-01-28T17:44:55+05:30	Enable texture2D operation for EGLImage based textures
5471ae49524ea662ecd089d10ba389a466382ab0	bce94b557ffddd3984f8347ec41c5bfe464dff9e	2019-01-25T10:19:05+05:30	2019-01-25T16:20:10+05:30	um: wlegl: add apphint to configure yuv CSC range
54ba970e33d3c13f726d7c035f3b5c3dcb74afdc	8d4ba04a2da59989b21aacca9defdf387e321695	2016-05-26T15:06:23-04:00	2016-05-26T15:06:23-04:00	um: merge the gles2 changes from ED3917252 to fix the QML overlay problem
551665bf9c321bc3e7721416e6ebbc9f65c18155	ce7b96b88d31da27af5b3a2a890aba180a014fc4 7519eda203308c4356e68fd6af67a0900ed09cb4	2020-09-17T11:16:21-05:00	2020-09-17T11:16:21-05:00	Merge pull request #30 in GRAPHICS/omap5-sgx-ddk-um-linux from ~A0271916/omap5-sgx-ddk-um-linux:dev/sdk7.1-libs-update to ti-img-sgx/zeus/1.17.4948957
5603bbaba7b8a88173f3652c8e949c0458601e6b	45fcc025b06d4607f332a9a32ffd43fa0e106490	2016-03-05T13:03:53+05:30	2016-03-05T13:03:53+05:30	um: Fix for SIGSEGV triggered by CloseDisplay
562db8257cc4bf04647e06a8644d73f5d77fe711	0e98623e944864f080cd886906b46ea9a5d830e5	2016-02-18T00:25:56+05:30	2016-02-18T00:25:56+05:30	um: fix errors with GL_API_EXT macro
5830fc09a5f37ca89b718d7c60a838e0267a6371	7c4dc86ec9d23186eb7b82cfd330c4c8551ff4e2	2018-05-18T17:14:23+05:30	2018-05-18T17:14:23+05:30	host: publish GLSL offline compilers for SGX
59368886f3ddb0094b92659a00ed023bef5183b3	225230e5dae17836a8acf6f6e9fb6e8200af4dea	2013-10-04T20:03:14+05:30	2013-10-04T20:03:14+05:30	Removed symbolic links from the files
5ba56469d0726d36df22f60a70f040f0e04b6846	f4c2dab8ca37727213b7c89011098b8bce393ccf	2019-01-11T15:50:34+05:30	2019-01-11T15:50:34+05:30	um: Check HWTQ blit restriction when destination layout is twiddled
5c54e382b226e37a8a0d2292f7234485d325ddae	cee15368ea1e6b941d403de6c8b03e08e2c2921f 6157c3841fdc80b1268443e6524759af33f92ad9	2019-08-29T06:52:08-05:00	2019-08-29T06:52:08-05:00	Merge pull request #20 in GRAPHICS/omap5-sgx-ddk-um-linux from GFXFORK/ramprasad-omap5-sgx-ddk-um-linux:bugfix/x0038811/kickresouce_fix to ed/ip31
5c6fd9643cb2148c5799407ce620eaf6f2e0164d	0cdd30e2deb16d48935f876772bf196b551f9787	2018-03-19T19:17:53+05:30	2018-03-19T19:17:53+05:30	glReadPixels + PVRSRVWrapExtMemory
5eda33fd3d4d66c1238589b252b6ac0a639ec3f4	cdf4d5bca3fb05b8c60a91748e4b5e569a92c258	2015-12-02T17:29:24+05:30	2015-12-02T17:29:24+05:30	um: resolve SGX HWrecovery when Wayland OpenGLES clients are killed
6019bf95ee30a65db6b27ea48e6ee65e8b16e0a6	739111e5d67871d08f9d7e643492bee40dce933c	2017-02-09T22:36:00+05:30	2017-02-09T22:36:00+05:30	um:  enhance wl_display validation criterion
6157c3841fdc80b1268443e6524759af33f92ad9	cee15368ea1e6b941d403de6c8b03e08e2c2921f	2019-08-29T12:05:15+05:30	2019-08-29T12:05:15+05:30	um: Remove references before destroying Render surface
615bae16bff8ec7ea5976e12062fe9844a876590	d184140aa5c17e13e1bf21151f1a7bc068bdf8bf	2017-05-31T16:27:47+05:30	2017-05-31T16:27:47+05:30	imgegl: Handle no current context in name-clash stub functions
626c4f773b7c704f1d9a55ca80f60a79f809186d	3a6fbbf28701188e7072a601b8bf78c3d081ef67	2016-03-15T09:55:43-04:00	2016-03-15T10:08:46-04:00	um: Merge the latest change from ED3917252 to fix the nullDRM display sync problem
6808b08416cc784bde4c27e0c01d120004f5b226	562db8257cc4bf04647e06a8644d73f5d77fe711	2016-02-27T20:55:05+05:30	2016-02-27T20:55:05+05:30	um: remove ews header files
70364424dd496833fad5b243c9e6cc8b077f04ac	a864d75b69430d23d23221148a12eb323fc443b0	2023-10-16T11:48:40-05:00	2023-10-16T11:48:40-05:00	ti437x_linux: add this platform to the current release
70afc89070b06c50808ff929c360835ba770920a	d2d9353c05eeb2e629805e7859d696d4cd202637	2016-02-13T18:08:03+05:30	2016-02-13T18:08:03+05:30	package: move binaries from local directory to default bin directory
719861a2a893b1ee0e03bdd932350917f3c4818c	da68cf8afa248ca7601bab6b5f71f25d8c354df5	2018-04-26T15:46:24+05:30	2018-04-26T15:46:24+05:30	um : wait for ops_complete in wayland egl
71a5df577f530b3f53c4e0045eb62a520f4f2d14	0af11b676900de5a3e5550728fe18acd88c29848	2014-12-14T13:11:18+05:30	2014-12-14T13:11:18+05:30	Add support for J6Eco
72512a1b1752c36d02cbe224890949e6b07a7ba1	02b1c54a1d3b4e748b7eb3cefe26933152f1477e	2017-12-20T14:36:38+05:30	2017-12-20T14:36:38+05:30	um: use PVRSRVWrapExtMemory instead of PVRSRVDmaBuf
739111e5d67871d08f9d7e643492bee40dce933c	3c0537748dd283b2de9c5369570aa2aade5a9979	2016-12-13T15:07:46+05:30	2016-12-13T15:07:46+05:30	um: add support for YUYV EGLImage
73d165f284bdf861a471e429c350c33349120003	32ebe15572e01bb72597d44d00f50dcde1b01d10	2013-11-07T13:06:58+05:30	2013-11-07T13:06:58+05:30	Manifest updated
742cf38aba13e1ba1a910cf1f036a1a212c263b6	551665bf9c321bc3e7721416e6ebbc9f65c18155	2021-04-17T15:22:08-05:00	2021-04-17T15:51:56-05:00	eglplatform.h: update to newer no x11 macro
7519eda203308c4356e68fd6af67a0900ed09cb4	ce7b96b88d31da27af5b3a2a890aba180a014fc4	2020-09-16T20:29:48-05:00	2020-09-16T20:29:48-05:00	Update all target artifacts
76251c0a88c172eb69a84324f033e4035b8a7a4e	742cf38aba13e1ba1a910cf1f036a1a212c263b6	2023-09-21T01:38:47-05:00	2023-09-21T08:19:30-05:00	update targets as per kirkstone machine names
790f225e2a20c8465f80510318dd1b09af1cd282	0f76ac03750a4f6c09290abf6b9fced696ca192d	2019-09-13T11:21:24-04:00	2019-09-13T12:01:14-04:00	Switch to using Mesa as frontend provider
7ac19e76160b132bc3d2c3024d9711e594013e2a	5603bbaba7b8a88173f3652c8e949c0458601e6b	2016-03-18T15:11:55+05:30	2016-03-18T15:11:55+05:30	um: specify YUV full range for Wayland DRM buffers
7c4dc86ec9d23186eb7b82cfd330c4c8551ff4e2	2736a396f9c801fc0818d830f8a3215aeb8b6534	2018-05-18T17:07:09+05:30	2018-05-18T17:07:09+05:30	um: add support for UYVY format in wl_drm
7ea8b3795fca0a820b7045d4f274fd81ac558473	c62d9066bde1139710532af27f5f5eb3d8781112 ca4061e0ba72e5ba8d68d59d6c6e491b2719ab9d	2019-01-11T04:47:43-06:00	2019-01-11T04:47:43-06:00	Merge pull request #13 in GRAPHICS/omap5-sgx-ddk-um-linux from GFXFORK/anand-omap5-sgx-ddk-um-linux:glslcompiler to ti-img-sgx/1.14.3699939_k4.4
81c999050252604aecdc31608cebcf095b77ccfe	87d7e5c1e4db1bab048939c9719059d549c1e8dd 27dd28616a44757742ae9c090b17a62235a7e805	2019-11-25T11:44:07-06:00	2019-11-25T11:44:07-06:00	Merge pull request #27 in GRAPHICS/omap5-sgx-ddk-um-linux from feature/x0038811/vdrm_support_ddk1.17 to release/ti-img-sgx/thud/2019.04+
84a396a4fb379f10931421e489ac8a199d6a9f2c	ca4ae4cdc7c8c0c9626d39350393e52701cb303b	2024-10-16T19:12:38-05:00	2024-10-16T19:12:38-05:00	all: rebuild with major fixes applied
84c730e8e0bc84c15550fbd00b542ff5b7e7f781	1cdef7f0b96d119c060ae8dac029f3dc12ee15aa	2023-10-13T16:29:24-05:00	2023-10-13T17:00:11-05:00	all: add systemd init script templating to this
850eb36179976ca886365c7d3815302c0602e952	7ac19e76160b132bc3d2c3024d9711e594013e2a	2016-05-31T13:01:08+05:30	2016-05-31T13:01:08+05:30	um: fix process id when SPM occurs
87d7e5c1e4db1bab048939c9719059d549c1e8dd	9e63d5ac0b40d6a70463173c597122b6645c8a95 909e237baf47d0bde006ff25552f5403fd7e359d	2019-09-05T11:03:37-05:00	2019-09-05T11:03:37-05:00	Merge pull request #21 in GRAPHICS/omap5-sgx-ddk-um-linux from GFXFORK/eric-omap5-sgx-ddk-um-linux:feature/a0850410/libgbm2ddk to ti-img-sgx/thud/1.17.4948957
8d4ba04a2da59989b21aacca9defdf387e321695	e91d6d37c28ae63c350fff9c91705fd315491093	2016-05-13T19:28:31+05:30	2016-05-13T19:35:34+05:30	um: rebuild DDK for GCC 5.3
905809029b877fea42e91b9738825a6294ff1775	742cf38aba13e1ba1a910cf1f036a1a212c263b6	2022-10-25T17:21:38-05:00	2023-01-04T09:40:13-06:00	Update all targets to latest UM libraries for Kirkstone
909e237baf47d0bde006ff25552f5403fd7e359d	9e63d5ac0b40d6a70463173c597122b6645c8a95	2019-09-04T15:10:12-04:00	2019-09-05T10:07:58-04:00	um: wsegl: Internalize libgbm to match Mesa plus bug fixes and feature enhancements
918f2f32d4dd27441f483ecd183da9e63372d732	497699ed04a92d800bdc6e60f9554b28eb1f11fd	2018-07-12T13:11:36+05:30	2018-07-12T13:11:36+05:30	ep21: 13-july-2018 release
93cc3bcfda94a44d58820142fa15117417d22935	f4c2dab8ca37727213b7c89011098b8bce393ccf 5ba56469d0726d36df22f60a70f040f0e04b6846	2019-01-11T04:43:54-06:00	2019-01-11T04:43:54-06:00	Merge pull request #12 in GRAPHICS/omap5-sgx-ddk-um-linux from GFXFORK/ramprasad-omap5-sgx-ddk-um-linux:bugfix/x0038811/naviapp_sgxrecovery to ed/ep21
994922a5655c63b05343a9238cb30e6ef61744be	d06e1c100f175c10147816e884319430872df24b	2014-03-18T19:40:09+05:30	2014-03-18T19:40:09+05:30	WSEGL support for Wayland 1.3
9ad48144e89d48c7bf2db2a12795985e7a80e4fa	9f83f282c7f0a01ff12558689a02b76cd2ebac3d	2018-08-27T18:16:41-04:00	2018-08-27T18:16:41-04:00	um: fix libGLESv2.so crashing at eglMakeCurrent for certain call flows
9e63d5ac0b40d6a70463173c597122b6645c8a95	b0db45b7f74312afbff3e30c334e899e9c9d1338 d7354df9ed6cbd2638bf2cb813ea2e494f2f0106	2019-05-29T11:28:32-05:00	2019-05-29T11:28:32-05:00	Merge pull request #18 in GRAPHICS/omap5-sgx-ddk-um-linux from GFXFORK/eric-omap5-sgx-ddk-um-linux:bugfix/a0850410/performance_boost to ti-img-sgx/thud/1.17.4948957
9e9b169175508936fd3f55c2c137fddbddf69deb	0fb080a9332db869e39a3e6ca81015cb4147613c	2016-02-27T21:40:15+05:30	2016-02-27T21:40:15+05:30	um: bug fixes for Wayland EGL
9f83f282c7f0a01ff12558689a02b76cd2ebac3d	358fe42d34a7570896e5d1639869da564ddd0484	2018-08-14T17:45:00-04:00	2018-08-14T17:45:00-04:00	fix GLSL compiler error and double unmap of CPU buffer
a2b46e1cf655d66ba066c970591d28838f01baaf	53be02a24a30a4c74eb48f2c84fda789bd95ab33	2015-05-27T12:28:44+05:30	2015-05-27T12:28:44+05:30	Fix memory leak in Wayland WSEGL
a4c3113f513c36fa184c5b8af30c3860ade45c2c	cf8cd620e96c9741bfcbe7f07c95328fe2d6ece9	2017-12-01T13:17:24+05:30	2017-12-01T13:17:24+05:30	gbm: Fix compilation error with BUILD=debug
a5152f0b90bf3916eb1f478ac9fefe7d7ebe8bd9	fccafce7d0a023e36c064ccbaa7d33e89252ea00	2016-11-21T19:29:48+05:30	2016-11-21T19:29:48+05:30	gbm : add apphint to control number of surface buffers
a564d20ec1b6aed55b3e60aa9ff35f3809eca110	358fe42d34a7570896e5d1639869da564ddd0484	2018-07-07T10:55:53-04:00	2018-07-09T10:10:37+05:30	SGX enablement for AM654x
a681febd227cfdba58b4ca6fa16b514d75cc32ba	70afc89070b06c50808ff929c360835ba770920a	2016-02-13T19:42:42+05:30	2016-02-13T19:42:42+05:30	package: update pvr init script for moving pvrsrvctl to /usr/bin
a6c033f992d124cfc4ee1488b2565c20116f653c	0f76ac03750a4f6c09290abf6b9fced696ca192d 790f225e2a20c8465f80510318dd1b09af1cd282	2019-09-13T13:41:51-05:00	2019-09-13T13:41:51-05:00	Merge pull request #23 in GRAPHICS/omap5-sgx-ddk-um-linux from GFXFORK/afd-omap5-sgx-ddk-um-linux:dev/thud/1.17.4948957-mesa-experimental to dev/thud/1.17.4948957-mesa-experimental
a864d75b69430d23d23221148a12eb323fc443b0	48587c72c467fdde3de9f6f1140cab2e4aeb5c0b	2023-10-13T18:13:26-05:00	2023-10-13T18:13:26-05:00	LICENSE: add boilerplate TI text file license
aa4ce552c0dc363e22c1ec2f1c95abbbb719c621	994922a5655c63b05343a9238cb30e6ef61744be	2014-07-04T16:09:53+05:30	2014-07-04T16:09:53+05:30	Fix for NPOT texture corruption issue with half float pixel formats
ae39d9b1f9723a733c6dbaa59ce21b36e2bfecfc	87d7e5c1e4db1bab048939c9719059d549c1e8dd	2019-10-15T10:50:04-04:00	2019-10-15T12:55:12-04:00	Update ti335x target to Mesa3D based frontend UM libraries
b0ad364e0cfcc40b38f6f0819bf85fc861145ebf	4cdbb6b192fc5cac53695faca3c3f8be16ca871d	2016-10-13T15:05:43+05:30	2016-10-13T15:05:43+05:30	um: fix bug while checking for GBM_BO_FORMAT
b0db45b7f74312afbff3e30c334e899e9c9d1338	2bce2bd76259848e7d263e0a85c164480a71ba7d ee18e2aae762756027b962a0bb7e52cf3684b2e6	2019-05-02T03:46:34-05:00	2019-05-02T03:46:34-05:00	Merge pull request #17 in GRAPHICS/omap5-sgx-ddk-um-linux from GFXFORK/eric-omap5-sgx-ddk-um-linux:bugfix/a0850410/wayland_wsegl to ti-img-sgx/thud/1.17.4948957
b11a6df7d8911f154a44e0dca5ad850a0cfa39d5	84c730e8e0bc84c15550fbd00b542ff5b7e7f781	2023-10-13T17:43:29-05:00	2023-10-13T17:50:05-05:00	Makefile: add template for udev rule
b28d48ed01112c52ec649f0cb9aefd99949c4da2	71a5df577f530b3f53c4e0045eb62a520f4f2d14	2015-01-28T13:59:50+05:30	2015-01-28T13:59:50+05:30	Fix GLSL compiler for texture2D operation
b3a012f672ea7b4c3e0338ceb676ce1550ff0f8b	2a2e5bb090ced870d73ed4edbc54793e952cc6d8 bcca77e4b5d2e6367d3446ac00ffcb2d89575d03	2021-02-03T03:36:04-06:00	2021-02-03T03:36:04-06:00	Merge pull request #33 in GRAPHICS/omap5-sgx-ddk-um-linux from ~A0227568/krunal-omap5-sgx-ddk-um-linux:ti-img-sgx/thud/1.17.4948957_patch1 to ti-img-sgx/thud/1.17.4948957
b4cafb776e0484b5f42b9ce6a8859ce1ed342bad	1145367010f416dbed87884bac329158eda26777	2017-12-01T12:57:42+05:30	2017-12-01T12:57:42+05:30	um: restrict contiguous buffer using OMAP_BO flag only for jacinto6evm device
b6801bf89e00d69893c2957455bbeb3195c0ed52	5eda33fd3d4d66c1238589b252b6ac0a639ec3f4	2015-12-07T17:01:05+05:30	2015-12-07T17:01:05+05:30	um: enable burst combiner
b6e57ccf36fc8c36d988246bc7510f0dec42d991	a2b46e1cf655d66ba066c970591d28838f01baaf	2015-06-08T15:04:37+05:30	2015-06-08T15:04:37+05:30	Refactor the code for print messages
b7eda97280afc492a51179fe5858811c20d267d2	aa4ce552c0dc363e22c1ec2f1c95abbbb719c621	2014-08-09T19:42:47+05:30	2014-08-09T19:42:47+05:30	Remove X11 from DDK binaries
b86e15a4f2087e2114adc8a812fbc505031e634c	bce94b557ffddd3984f8347ec41c5bfe464dff9e 5471ae49524ea662ecd089d10ba389a466382ab0	2019-01-25T05:02:33-06:00	2019-01-25T05:02:33-06:00	Merge pull request #14 in GRAPHICS/omap5-sgx-ddk-um-linux from GFXFORK/ramprasad-omap5-sgx-ddk-um-linux:feature/x0038811/wlegl-yuv-fullrange_4.4k_vision_sdk to ti-img-sgx/1.14.3699939_k4.4_vision_sdk
bbae7217051341f515515ec190e165119102f45a	905809029b877fea42e91b9738825a6294ff1775	2023-01-26T11:41:09-06:00	2023-01-26T11:41:09-06:00	Remove all artifacts generated from Mesa source
bbbd5cbb55e4c54d3b02456ae553bea86fd61506	a4c3113f513c36fa184c5b8af30c3860ade45c2c	2017-12-01T14:05:42+05:30	2017-12-01T14:05:42+05:30	um: change GLES filenames to mesa style
bc62c9d0c590dfbc801bf6b10176c3a8b6a39d98	e4cb91cb9009bdd8c41be0e4767b765b9b0bfdc6	2018-11-13T19:02:02-05:00	2018-11-13T19:02:02-05:00	um: fix mutex related issues and install path
bcca77e4b5d2e6367d3446ac00ffcb2d89575d03	2a2e5bb090ced870d73ed4edbc54793e952cc6d8	2021-02-02T16:29:56-05:00	2021-02-02T16:29:56-05:00	fix texture corruption
bce94b557ffddd3984f8347ec41c5bfe464dff9e	32ad0237d69eb190d5b702a0bb4fac060e4995f2	2018-10-24T11:43:24+05:30	2018-10-24T11:43:24+05:30	um: allow vdrm for DRM driver
c44c55fd700204e40ed17cf5598cd372979715de	348ea7e08d8b6e7f46f73065ad3ba75614edc12c	2023-10-13T15:42:47-05:00	2023-10-13T15:43:36-05:00	Makefile: add clean and update paths
c62d9066bde1139710532af27f5f5eb3d8781112	e814037b7f38061e31a30eb49a631893580ec6c2 0870670b6b9b2bd937d66d9dcb51a97be059fc72	2019-01-11T04:23:00-06:00	2019-01-11T04:23:00-06:00	Merge pull request #11 in GRAPHICS/omap5-sgx-ddk-um-linux from GFXFORK/ramprasad-omap5-sgx-ddk-um-linux:feature/x0038811/wlegl-yuv-fullrange_4.4k to ti-img-sgx/1.14.3699939_k4.4
c785d570e846c329a3a2c10a5e7fcbc8ba135bd4	24e093985c79cf9a60dca35a2690979459bce1e6	2019-01-10T17:13:03+05:30	2019-01-11T09:38:54+05:30	gles: Fix alloc size for dummy VDM control stream
c9fcd1dd938b7188990a77df7e9380035c702742	3e87c6012fc32363aebe832a5739f87a23626430	2015-11-27T14:04:36+05:30	2015-11-27T14:04:36+05:30	um: BRN56254: move allocation of terminate state out of graphics context
ca4061e0ba72e5ba8d68d59d6c6e491b2719ab9d	c62d9066bde1139710532af27f5f5eb3d8781112	2019-01-11T16:08:55+05:30	2019-01-11T16:08:55+05:30	host: publish latest GLSL offline compilers for SGX
ca4ae4cdc7c8c0c9626d39350393e52701cb303b	70364424dd496833fad5b243c9e6cc8b077f04ac	2024-10-16T19:10:56-05:00	2024-10-16T19:10:56-05:00	Makefile: clean up stages and variable checks
cbb4c37a4f7bc729ef3d0972c6129ae1e70e813a	271497b0f4747152bfa4775821e2ef33b4a894aa	2019-02-27T16:48:36-05:00	2019-02-27T16:48:36-05:00	add DDK UM binaries for AM3/4/5 and updates for AM6 for LTS2019
cdf4d5bca3fb05b8c60a91748e4b5e569a92c258	c9fcd1dd938b7188990a77df7e9380035c702742	2015-11-28T16:09:50+05:30	2015-11-28T16:09:50+05:30	um: fix for HWrecovery in glmark2
ce1a77e42e877ee3e89803794cd08f232ca04303	a6c033f992d124cfc4ee1488b2565c20116f653c	2019-09-17T11:29:27-04:00	2019-09-17T11:29:27-04:00	Remove libGBM from all targets
ce7b96b88d31da27af5b3a2a890aba180a014fc4	2a2e5bb090ced870d73ed4edbc54793e952cc6d8	2020-02-04T22:29:25-05:00	2020-02-12T18:44:53-05:00	Update all targets to latest UM libraries
cee15368ea1e6b941d403de6c8b03e08e2c2921f	13fcca5b7b93046cbe1d70d388945f9e514b8d76	2018-09-21T17:42:52+05:30	2018-09-21T17:42:52+05:30	um: Print the PID of the process which triggers print
cf8cd620e96c9741bfcbe7f07c95328fe2d6ece9	615bae16bff8ec7ea5976e12062fe9844a876590	2017-06-13T11:02:20+05:30	2017-06-13T11:02:20+05:30	um: gles2: Fix PVR_DBG level in 1RGB FBO completeness check
d06e1c100f175c10147816e884319430872df24b	33168125af776d63ceadf7e89bba6a9dd84e438d	2014-03-03T16:35:53+05:30	2014-03-03T16:35:53+05:30	PVR EXA : Use SW fallback for composition
d184140aa5c17e13e1bf21151f1a7bc068bdf8bf	e8fda0a1865e206c058776b15336a53edc5e5999	2017-02-27T19:24:58+05:30	2017-02-27T19:24:58+05:30	um: add support for GBM Pixmap surface
d1cb4ea42dbf275e2013aae95ad2d9182f05648c	6019bf95ee30a65db6b27ea48e6ee65e8b16e0a6	2017-02-23T11:17:40+05:30	2017-02-23T11:17:40+05:30	um: fix memory leak with EGL Image DMABuf import
d2d9353c05eeb2e629805e7859d696d4cd202637	b6801bf89e00d69893c2957455bbeb3195c0ed52	2016-02-11T18:39:43+05:30	2016-02-11T18:39:43+05:30	DDK 1.14 ED3699939 user mode binaries
d63cd6469fff610317a8e1c986f227bb3e7922f6	4ac0dba02717a7d7196f0b38b1fd6366f5b04ca7	2015-08-15T23:22:25+05:30	2015-08-15T23:22:25+05:30	um: BRN57135 - fix for the application hang seen with Half float textures
d7354df9ed6cbd2638bf2cb813ea2e494f2f0106	b0db45b7f74312afbff3e30c334e899e9c9d1338	2019-05-23T14:33:52-04:00	2019-05-23T14:33:52-04:00	um: opengles2: disable GLES2MOVEBUFFERMEMTODEVICE
d7832995c465b01a0b318c697c9192c980e62ccf	26588d7988176b43ed7ea5a8c81faa30344fe162	2019-10-15T14:49:32-04:00	2019-10-15T15:48:01-04:00	Update jacinto6evm target to Mesa3D based frontend UM libraries
d98526299af7d4fd62d8f4589d347ebc015c0da8	719861a2a893b1ee0e03bdd932350917f3c4818c	2018-04-26T15:48:07+05:30	2018-04-26T15:48:07+05:30	um: fix VBO reference counting
da4caef619d9c6526e1c86c73ddf5cde6412572b	02b1c54a1d3b4e748b7eb3cefe26933152f1477e	2017-12-21T19:12:08+05:30	2017-12-21T19:12:08+05:30	um: add platform detection for DRA71x, DRA76x
da68cf8afa248ca7601bab6b5f71f25d8c354df5	5209293a1fff243c0a3542ab033b1b714630d5e3	2016-07-13T13:02:47+05:30	2016-07-13T13:02:47+05:30	um: fix for memory alignment issues
e4cb91cb9009bdd8c41be0e4767b765b9b0bfdc6	9ad48144e89d48c7bf2db2a12795985e7a80e4fa	2018-09-27T17:43:19+05:30	2018-09-27T17:43:19+05:30	um: add support for UYVY texture formats in EGLImage
e814037b7f38061e31a30eb49a631893580ec6c2	5830fc09a5f37ca89b718d7c60a838e0267a6371 07b5f98d2af8de4dcf076d470dd6c817f389c8c0	2019-01-11T03:38:06-06:00	2019-01-11T03:38:06-06:00	Merge pull request #10 in GRAPHICS/omap5-sgx-ddk-um-linux from GFXFORK/ramprasad-omap5-sgx-ddk-um-linux:bugfix/x0038811/bugfixes_features to ti-img-sgx/1.14.3699939_k4.4
e8fda0a1865e206c058776b15336a53edc5e5999	d1cb4ea42dbf275e2013aae95ad2d9182f05648c	2017-02-24T16:26:05+05:30	2017-02-24T16:26:05+05:30	um: add support for dmabuf import in GBM WSEGL
e91d6d37c28ae63c350fff9c91705fd315491093	626c4f773b7c704f1d9a55ca80f60a79f809186d	2016-04-04T18:15:25-04:00	2016-04-04T18:20:38-04:00	um: bug fix for NullDRM/GBM/Wayland EGL
ee18e2aae762756027b962a0bb7e52cf3684b2e6	2bce2bd76259848e7d263e0a85c164480a71ba7d	2019-04-30T17:37:49-04:00	2019-04-30T17:57:11-04:00	um: wsegl/wayland: support external wayland-egl and struct wl_egl_window
ee266bb47c7b9b052d67e491fa8c28e301c36691	fc4b1d658634c3fe2bafe164430e2f312dbdcf14	2018-08-29T14:17:23-04:00	2018-08-29T14:17:23-04:00	fix GLSL compiler error, double unmap and eglMakeCurrent crash
f4c2dab8ca37727213b7c89011098b8bce393ccf	24e093985c79cf9a60dca35a2690979459bce1e6 c785d570e846c329a3a2c10a5e7fcbc8ba135bd4	2019-01-11T03:47:08-06:00	2019-01-11T03:47:08-06:00	Merge pull request #9 in GRAPHICS/omap5-sgx-ddk-um-linux from GFXFORK/ramprasad-omap5-sgx-ddk-um-linux:bugfix/x0038811/sgxrecovery_banma to ed/ep21
f65d06843ef21964e266a7618c1529840653d563	b0ad364e0cfcc40b38f6f0819bf85fc861145ebf	2016-10-13T15:50:38+05:30	2016-10-13T15:50:38+05:30	build: remove invalid tests for sgx
f77e46ecaaa0ec73be54fb8ed2fc40f46f8df16e	1d7d2069b536b2026eea04690f662103efff35f5	2015-11-25T14:26:54+05:30	2015-11-25T14:26:54+05:30	BRN57135 - Updated fix for the half-float issue
fc4b1d658634c3fe2bafe164430e2f312dbdcf14	a564d20ec1b6aed55b3e60aa9ff35f3809eca110	2018-08-06T17:26:47-04:00	2018-08-06T17:26:47-04:00	fix path of pvrsrvctl at rc.pvr
fccafce7d0a023e36c064ccbaa7d33e89252ea00	f65d06843ef21964e266a7618c1529840653d563	2016-10-25T21:02:56+05:30	2016-10-25T21:02:56+05:30	um: add support for importing DMABUF as EGLImage
fe17e957b76e37deb7af1f8fe50c46096877d1cd	a6c033f992d124cfc4ee1488b2565c20116f653c ce1a77e42e877ee3e89803794cd08f232ca04303	2019-09-18T09:54:00-05:00	2019-09-18T09:54:00-05:00	Merge pull request #24 in GRAPHICS/omap5-sgx-ddk-um-linux from GFXFORK/afd-omap5-sgx-ddk-um-linux:dev/thud/1.17.4948957-mesa-experimental to dev/thud/1.17.4948957-mesa-experimental
