0086977380d3320d70a3abc78b95fa0641427073	29115f91063c25292cf8f973622433f576d01164	2017-01-25T14:26:22+05:30	2017-02-07T19:28:53+05:30	Revert "km: build: remove dependency on user-mode builds"
00feb97c35003dac20c0d4c1935fa99660a0454f	75516a5f2d4ce36777fc22bd1b20445259d07737	2012-07-24T15:03:57-05:00	2023-03-22T16:21:12-05:00	SGX-KM: Add activeidle governor to sgxfreq
0182806f070bf1c7dcbe357355105d795f36d0c5	45415cca38dbb5ae081cdd14dc0c8adb36b8979b	2012-10-30T12:15:59-05:00	2016-02-11T14:27:15+05:30	SGX-KM: sgxfreq active notification to always follow clk_on
01a9d880722e93d8f8321e4f9be64dfae19e85a3	b6636748b29580db38213258d572aa1441936fd7	2023-07-18T11:37:10+05:30	2023-08-12T17:18:13+05:30	km: kbuild: include linux kernel headers
02545fd29aecdb1a3de8c554ab75797336b5a8e2	d77c3b2ee61b6d22706a66bd625b689a74db3c89	2012-10-30T17:25:33-05:00	2023-03-22T16:21:12-05:00	SGX-KM: Call idle hook on forced idle or power-down
0305500be8fbd14da68c9ee0f53fc7f3459a9b06	430673f78b79eccdf308a6bbfb524209b485d2cc	2015-07-14T16:49:56+05:30	2015-07-14T16:55:30+05:30	km: close GEM vm using DRM API.
03991033fcad439901955d54de24368c216041f2	5f12c9fe10345b2ee7b654a877e60bc480cc19b3	2015-12-03T15:20:42+02:00	2015-12-04T18:25:12+05:30	km: fix use of freed gem object in UnwrapExtMemoryCallBack()
03e3a7dca1ae197e43f16a354c43fd9d64e8ec5b	bcb809355f813337f2ca2640b4fa405eaf8097da	2012-10-02T23:28:47-05:00	2016-02-11T14:27:12+05:30	SGX-KM: Add on3demand governor to sgxfreq
04bddbd1f7d1c13c087e45ab9fc6a15fe9c73772	f4cbebe13a66cc6f4a9508412d43f1f97798c0cb	2020-01-20T17:43:34-05:00	2023-03-22T16:21:12-05:00	km: Migrate to kernel version 5.4
0525466547f6aa8fa68316ab250d2e22ebed4e41	dc0eb0df30b794ec435f7245dbd58e8e93a63d55	2022-08-15T15:58:44-05:00	2023-03-22T16:19:24-05:00	gitignore: QOL, ignore build directories and cache
05bea01ff4455551403009fd46ef6fb21c9c2930	31ba7f850010005b4c6a4c8f4c7e0d43f15ac30e	2024-10-25T18:49:02-05:00	2024-10-25T19:06:39-05:00	linux: add compatibility strings from upstream binding
0739fc4f8b5e39eb1365e6f6c6afe9b493d5d782	3a5f9a5a7f6e00bf9937d36f334dd100543acea3	2015-02-21T12:00:21-06:00	2023-03-22T16:21:12-05:00	sgx-km: Disable omap timer
08c025ecdfc790b45abfb054abf6d34e50ac2abb	c357ea03f32dbf65fb0f07355032a554dd883407	2023-10-03T09:28:03-05:00	2023-10-03T10:22:01-05:00	Remove checks for kernel versions older than v3.0
0912e7542f34413b9a52119b22e807532221d461	bf8997b894f216261f914f64d33e6e588770da5a	2015-02-10T18:01:31+05:30	2015-02-13T14:02:28+05:30	km: fix GEM handle memory leak
0ce9c6f6b07b9676970b7383e0f21b91722aba1d	918ab2be10b97cdea55dcf1c5465a0bb50db05df	2022-01-24T11:52:54+01:00	2023-10-02T17:10:39-05:00	proc: compile fix for v5.17-rc1
0db5b06b8d13a7f16e8e18cc0efd47614b80c686	917ff9b0a25a4f19e54ad7407729dc572b06d3a8	2015-08-17T14:45:41-04:00	2015-08-17T14:45:41-04:00	km: Enable AM437x support - Add am437x sysconfig.c and other device-specific header and utility files - Add am437x Makefile
0e087a294eb45f5470e2cbc5f57d2ee7f998ebfb	ce8e788072e2f72aaf8c09bdd6a6436bec9ddfb6	2014-06-06T11:51:16+05:30	2014-06-13T17:50:05+05:30	Changed the DT compatibility to omap5 instead of omap4
0e36d53488522e61c7dd3af006f53745c1be925a	ca5181476f3ba570a0f5373fb68a742438da9a10	2023-10-05T17:06:12-05:00	2023-10-05T17:10:38-05:00	km: Set FMODE_UNSIGNED_OFFSET on our pvrsrvkm handles
0eced942ab3b6b2567792337cc259d756580cc21	8aea4b4e9e8ffb465f0317cb819fe712b5c0a239	2014-06-29T20:21:26+05:30	2014-07-30T18:57:01+05:30	K3.12 fix for SGX modifying return value after gem_new
0f1b63995057a714592ef26e28989ec4da8a4ed5	f32b645d4eea5f89a15132cb336b346dccd8f07e	2016-02-04T18:00:26-05:00	2023-03-22T16:21:12-05:00	KM: Enhance OMAP Linux Makefile to support AM437x and AM335x build
0f2b79401e3565c1824f86bb96672b67ff1f1cf6	8680409ad5ce44b7ce3a43916332f6a29bc711de	2012-07-24T14:24:59-05:00	2016-02-11T14:27:08+05:30	SGX-KM: Add active/idle notification to sgxfreq
0f3078be4b003c05f9be11b339425b34423059e3	8b71d01c7f2d8d1b00d9d5255536da66a8bdf790	2015-07-27T13:07:29+05:30	2015-08-24T09:45:26-04:00	km: enable traces when the SGX recovers from error
0f3561a47cf7a1b968fb64446a0be10abc9a15d5	3b475f4c457e8827ea793c420277a0da69f7988a	2015-02-10T18:01:31+05:30	2015-02-10T18:52:20+05:30	km: fix GEM handle memory leak
0f4a3aa79fbca5033d5af133eb4e0e35896bc1d7	14caabe8f35606957f007b90ba215638afabcd59	2015-08-17T15:07:30-04:00	2015-08-17T15:07:30-04:00	km: Add PVR trace to function PVRSRVDrmInit()
0faba9b9d4e55ca9bbd601ceac79526d9b3b602f	5433b1b54e5725ba79bd5a70837e5349fc40f75d	2012-10-02T14:54:46-05:00	2016-02-11T14:27:11+05:30	SGX-KM: Add frame_done interface to sgxfreq
106ddd54843dd05b77b57df4a72b327684916ef5	fed0756f1b8b9d526da2821635c7d742989d47c3	2016-04-20T16:19:01+05:30	2016-04-20T16:36:37+05:30	km: use platform specific reset APIs only for AM3/AM4 platform
1450ae2166ad952ef30197e79518b51577a629e6		2013-06-27T19:42:38+05:30	2013-06-27T19:42:38+05:30	DDK 1.9 kernel module
14caabe8f35606957f007b90ba215638afabcd59	0db5b06b8d13a7f16e8e18cc0efd47614b80c686	2015-08-17T15:00:23-04:00	2015-08-17T15:00:23-04:00	km: Add more "SUPPORT_DRI_DRM_EXTERNAL" protected sections
14f7ec76136d68b398d783589b6ef8c7d5d04080	6dac08386fe5c5800e6f2c0e30ffb64b2b7d9a27	2019-09-04T14:15:42-04:00	2020-02-06T14:23:23-06:00	build: Move target selection to top and use elseif logic
154cd52c738dcab4e3b6b7526b1fa92f4dc7bbf4	a47cdb12d5528e59c09c4f73888529d88beecb1d	2020-05-11T18:21:56-05:00	2023-03-22T16:21:12-05:00	km:dbgdriv: Add missing header include
16961a3f4524b653fba99d949d6972c77c7d2701	c545bf1c937b6067d27b7a268093baa3b8091185	2019-02-27T15:17:43-05:00	2019-02-28T18:59:33+05:30	km: enable k4.19 support
18f137d3e4208d47dae9580f93b9d86e4679b54e	41db39604be55ab7523e19f767c57756d938f721	2023-02-08T11:19:17-06:00	2023-09-28T15:59:33-05:00	km: Pull per_cpu_cache_flush() function from Android DDK
18f6db72799e4a7c78eaafcfbed9f782c13f0283	6250b2a5f772cae9a50262361f680f3c15cdcb00	2024-10-01T15:26:18-05:00	2024-10-01T15:26:18-05:00	mm: fix DEBUG_LINUX_MEM_AREAS in cma path
1a1bc27715a19385ba0479e8f791ac5a119a6cdd	3b89b884d204045300342a3c197fb697edd59baf	2023-10-02T12:56:25-05:00	2023-10-05T11:17:09-05:00	km: Allow PVRSRV_LOG_MEMORY_ALLOCS to be set
1a6db182eb71299645807f54f687be014b557798	3d3d480d8de6effc9136329a5cf5db9a8d7eaace	2014-02-03T13:01:07-06:00	2016-02-11T14:27:06+05:30	(HACK)SGX-KM: WA for missing prototypes in 3.12 and later kernels
1c3ea3c608177eaace5e5ad93a09ac8d7abb5563	154cd52c738dcab4e3b6b7526b1fa92f4dc7bbf4	2020-05-05T14:36:47-04:00	2023-03-22T16:21:12-05:00	km: Add Android available hardware definitions
1cbb91ea338e0ea193e42165b6c2b56a39c8ac79	1a1bc27715a19385ba0479e8f791ac5a119a6cdd	2023-10-02T13:05:18-05:00	2023-10-05T11:17:09-05:00	km: Do not split debug strings or they will have extra spaces
1cc2eded30f83bfce58c8ccc8cd61005addf9c0b	2a777b8fb72a89d299b82845d42b63b2a2618daa	2020-01-20T17:43:34-05:00	2020-02-06T19:17:42-06:00	km: Migrate to kernel version 5.4
1ed0f3b0726c7f4290385c666999d1f762ae0e61	81fed69f90bff07780e7f17c0550c46b1b7b961f	2023-10-11T16:20:58-05:00	2023-10-11T16:21:49-05:00	omap_linux: Makefile: prune dead logic
200868f7e5d37057eef03a87f18b593844ccc812	a0ff0e7423f26387255e1c9205f6664a954b15ef	2015-02-21T11:29:07-06:00	2023-03-22T16:21:12-05:00	sgx-km: Enable DVFS
204d10d1ac5b71cd0329dd9d59459d89630def1d	50a6e8fb26b0fb5160e1ffac8f0a414a69570863	2016-02-04T18:00:26-05:00	2016-02-11T15:09:50+05:30	KM: Enhance OMAP Linux Makefile to support AM437x and AM335x build
20f805c1c37aed9a2e3c9606a373722c817e1d4b	cbcf497bee4c86a3142f7ed0c2de672e5a96682e	2016-04-19T14:38:42+05:30	2023-03-22T16:21:12-05:00	km : use CONFIG_ZONE_DMA for LPAE
2135aafb5ad36fdb778733aa88a7869498f2dc22	dbdbd9309a58ee723fc827ef5fd45c28347cf61f	2019-09-19T16:25:54-05:00	2019-09-24T06:21:00-05:00	srvkm: Add new CMA linux mem area
218a37562ef3d051ef0984b25b551d8a2ef1444d	25c5d56384e4add2e6b5839c2e76ad488739c93b	2023-09-28T16:25:52-05:00	2023-09-29T11:57:11-05:00	bridged: bridged_pvr_bridge.c: fix the if debug print
256694cbc12bf1b13a6c2714372c603d6f3845b1	a90f89f4a2f2e8a05894d807de4db63ebf62a392	2015-02-21T12:00:21-06:00	2016-02-11T14:27:07+05:30	sgx-km: Disable omap timer
2582ef96e703158972dbfbd92571feb2eb689b00	b304c9b7e8dba025de828740502e10add9ed6e86	2015-09-18T14:02:38-04:00	2015-09-18T14:02:38-04:00	KM: Add SGX hardware reset assert at the function PVRSRVDriverRemove.
25b114d0466aa89b83e640e9a0dd04f7d7b0fab1	6668f4ea0bbf7e3df7f72dc2230ab8da1e748b2d	2013-10-04T17:16:58+05:30	2013-10-04T17:16:58+05:30	Added an eurasia_km directory to maintain the directory structure
25c5d56384e4add2e6b5839c2e76ad488739c93b	4cec130c650c9d4b6bc70cba68a0f42bd0471073	2023-09-28T16:23:54-05:00	2023-09-29T11:57:11-05:00	common: devicemem.c: use fallthrough kernel macro
267feb173eab12220c03a4ce1564e62c065a63c5	4faed66c9fc92a1bc3b3295b6411731f8087bbb2	2021-02-24T14:35:19-06:00	2021-02-25T21:50:40-06:00	km: mm: drop pgprot arg for __vmalloc
26eff5f0df854937e1e0fb786b76bc65abdcf65c	f2d1adf51c933a4c8ab414bab84634df71efcb4a	2019-05-07T17:06:09-04:00	2023-03-22T16:21:12-05:00	km: support general toolchain
27f8b72796622b1b59ff82bc988c5949de11ce80	5bb795ce754bd8eb1a2b3ffd581f2d2ed4dacdb0	2016-08-09T11:31:41-04:00	2023-03-22T16:21:12-05:00	km: Resolve Linux build warnings
285ce496cecfedcc1c1acc653e3ee4be32995281	f8c7328fa3c4d5db4a5804e15b1e5a97d96121f9	2015-08-06T22:49:31+05:30	2015-08-06T22:49:31+05:30	km: remove inclusion of asm/system.h
28ab7a28fefb909011513a7cb1029c7ddccea728	923e8cf9e94daca7a217675b577b728fccfcb2cd	2023-10-11T18:03:17-05:00	2023-10-11T18:03:17-05:00	omap_linux: Makefile: move config calls to omap4.mk
290c3f3c9a7cee99da1810d39978109a59747f55	14f7ec76136d68b398d783589b6ef8c7d5d04080	2019-09-04T16:44:27-04:00	2020-02-06T14:23:34-06:00	build: Make eurasia_km makefile match to UM
29115f91063c25292cf8f973622433f576d01164	8d5305b03dce13f3a9a89328c69c762dcd3109a4	2017-01-21T19:49:25+05:30	2017-01-24T23:08:54+05:30	km: k4.9 migration
298a29a109a890cd9b0735ee7da1783efe5a6bed	200868f7e5d37057eef03a87f18b593844ccc812	2015-12-06T08:49:44+05:30	2023-03-22T16:21:12-05:00	km: change strnicmp to strncasecmp
2a777b8fb72a89d299b82845d42b63b2a2618daa	5e1217b70a13fa7191948f68fbf5f3474d2ee05c	2020-02-05T09:56:46-05:00	2020-02-06T16:38:52-06:00	km: Add build targets for sgx530-121 and sgx540-120 devices
2b002e229105e4affd3800320bf764b8e8ce3c0a	6881c7b86fc91f460a7da8848ed4c213c95c6f9f	2015-08-06T22:49:31+05:30	2015-08-24T09:46:31-04:00	km: remove inclusion of asm/system.h
2b7523d07a13ab704a24a7664749551f4a13ed32	f099cf79aa0913c836785d0eef26eef7c3d2cf09	2015-09-21T15:48:46-04:00	2015-09-21T15:48:46-04:00	KM: Disable the Interrupt Sync Check unless SUPPORT_LISR_MISR_SYNC is defined
2c407d34e45398cbb029c4299b78af3a1ed991b7	b45658fb2090a579e48942909f3865152f82e1ca	2016-11-14T15:19:33+05:30	2023-03-22T16:21:12-05:00	km: fix error in calculating size of page array
2cb2c9609b7740cb2c348e669a96f26e1cc858da	e1bbee4d3f7cfedbce3f78a4ac432096f92b858c	2023-10-16T13:25:33-05:00	2023-10-16T13:25:33-05:00	include: lists.h: fix the stdarg include for old kernels
2d4a2cf221a34a32dc71ab0e017f3b9a8e974a21	9855bcc288b2c3ef715064705f727334439556d8	2016-02-04T18:20:39-05:00	2016-02-11T15:11:07+05:30	KM: Invoke platform-specific reset API calls if available
2d9486b79ca06812c4f781d7df0796aa86629de4	40ecd54266cd6ce5dcd80e1b0545fa45b4f14347	2019-09-04T13:39:53-04:00	2023-03-22T16:21:12-05:00	build: Remove deprecated no warning flags
2e83a1d081c566be42883b178c39a007c2fc47e1	c85f932329f8f9e0ca8aba23556663983671b4c1	2019-09-04T18:55:17-04:00	2020-02-06T16:38:52-06:00	km: Drop unused platform definitions for jz4780
2e88826f1fa1afc90fa3c2d8f017f1820761b25b	26eff5f0df854937e1e0fb786b76bc65abdcf65c	2019-09-19T16:25:54-05:00	2023-03-22T16:21:12-05:00	srvkm: Add new CMA linux mem area
2eae99c43f7e0febf2d08280240fb2b60eccfec0	50c1ec2308b9f64488d252ac55d65b51a0dfe287	2020-05-11T18:21:56-05:00	2020-06-08T17:21:28-05:00	km:dbgdriv: Add missing header include
2eb15497f873e653dfe4d5baa8e4f07912504f49	01a9d880722e93d8f8321e4f9be64dfae19e85a3	2023-07-18T13:43:06+05:30	2023-08-12T17:31:10+05:30	km: pvrmodule: import dmabuf module namespace
2f72349078fbe2924ae2d9b96fcddc7c9d4b63d7	18f137d3e4208d47dae9580f93b9d86e4679b54e	2023-02-08T11:30:50-06:00	2023-09-28T15:59:33-05:00	km: Add extra bridge debug messages from Android DDK
3005cf8145a6720daa47e4e273f9e421ff77cb58	e77fc0fa56cdc6c614bacdc4f3657da6f5d374e8	2024-11-06T13:42:25-06:00	2024-11-06T13:42:25-06:00	kernel_version: fix the first version check
31ba7f850010005b4c6a4c8f4c7e0d43f15ac30e	7d4a9d88b7e2355c8504cede7f7782835128c0b0	2023-05-26T17:21:19-05:00	2024-10-18T17:25:33-05:00	buildvars: macro prefix map to remove refs to build dir
322bcda5f3076037e2e20ef9209f4f4d575a7d5f	1450ae2166ad952ef30197e79518b51577a629e6	2015-05-28T19:19:02+05:30	2015-05-28T19:19:02+05:30	DDK 1.13 - experimental
329925425a9ee597df8a831e1eedc0cecb56b391	96ef6065af1510ba57233a335ddd3016da0aceef	2015-11-13T14:44:36+05:30	2015-11-26T19:23:46+05:30	km : handle multiple GEM handle per memarea
32cbbd126bc3fc9c43562c6508586ee6ad93052d	933dae13fb2dc976d6040b8dfde14b9767f0231d	2013-10-04T17:27:57+05:30	2013-10-04T17:27:57+05:30	Updated README with build instructions and version information
332b4da2164c08edff3a7e3f807ab84830d772ef	95c0ef7b44680f2ca6aaa1b6c62936b1d97bdca0	2015-08-25T17:49:39-04:00	2015-08-25T17:49:39-04:00	km: fix recursive mutex lock problem when debug  options are enabled
333ef031a98c0abdd49b6cfac61fbdd8c1d88518	c59e9ce72836960571e0c04cb531dd5845f99d88	2015-08-13T12:53:43+05:30	2015-08-13T16:27:44+05:30	km: fix recursive mutex lock problem when debug options are enabled
33623289ac5281a4567e49429f9ca24c3f36d927	0739fc4f8b5e39eb1365e6f6c6afe9b493d5d782	2015-10-07T19:04:05-05:00	2023-03-22T16:21:12-05:00	SGX-KM: Add sgxfreq subsystem for DVFS control
348fbd005e82b1357b66b9a1fc0ed449cc6200f3	bd259f327255b808f6a16de0ee9ea188796785ab	2022-10-25T14:35:37-05:00	2023-09-28T15:56:49-05:00	km: Remove VS_PRODUCT_VERSION defines
34e15bf0067b89e523628ad88457c0aff31dd992	b7f92683af1d0f5032b5c18325ed7cb418de18ef	2023-03-22T16:03:03-05:00	2023-03-22T16:21:12-05:00	README: migrate to markdown and add our build instructions
358b73a160e9d9e0a2c6af07f32c15f777cd3b12	748a30bf8988bfb6998ce0c6bc7054c09ed60268	2021-02-24T12:30:22-06:00	2021-02-25T21:50:40-06:00	km: srvkm: drop use of drmP.h
37502630b9b5fa4f4f412837694eb133ab28cc30	f0c729c54ad45dc4b2d2c83317545a1ef9de1cc5	2015-12-07T14:25:47+05:30	2016-02-11T14:27:17+05:30	km: (HACK): map entire SGX address range
375b47e32ab9dd48861a653ef0134ca9ae836035	cc73af59a34f938f09e84b1004679e9b1a5973f2	2018-03-08T16:56:57+05:30	2023-03-22T16:21:12-05:00	km: register SGX as a drm device
375f0b037a5c485dd57d0a598924734ec138909c	2eb15497f873e653dfe4d5baa8e4f07912504f49	2023-07-25T10:44:43+05:30	2023-08-12T17:54:58+05:30	km: fence: count fences of a dmabuf reservation object
37e27eb740b27a432ded256250f4edc5b9b2b72d	872aa64b227cadbc97755a4192919dd5ca637971	2015-06-08T14:03:34+05:30	2015-06-08T14:03:34+05:30	Truncate the SGX HW recovery traces
3821940cfc02768f07a11b62b18dffc83db68648	bb86c69816a51e907bccc2f75885237e7d072419	2021-05-04T10:52:04-05:00	2023-03-22T16:21:12-05:00	Revert "km: pvr_fence: Replace seqcount with seqlock_t"
3882292ae3b787b09f35ea2853ddeb8b0e8f45df	3821940cfc02768f07a11b62b18dffc83db68648	2019-09-09T17:05:48-04:00	2023-03-22T16:21:12-05:00	km: support OpenEmbedded hardfp toolchain w/o -gnueabihf suffix
3929a26b32c09be362545af66f07f94a36e0b1e7	bf8997b894f216261f914f64d33e6e588770da5a	2014-12-07T12:14:38+05:30	2014-12-08T15:49:37+05:30	Revert "Add support for a segmented register memory map for SGX"
396674e0f1f12193d3e1d3c1af4accc203907a07	0305500be8fbd14da68c9ee0f53fc7f3459a9b06	2015-07-27T13:07:29+05:30	2015-07-27T13:07:29+05:30	km: enable traces when the SGX recovers from error
3a5f9a5a7f6e00bf9937d36f334dd100543acea3	5c5ebf1f25d669cd56d954bf962f3ffb9a730422	2014-10-14T15:58:38-05:00	2023-03-22T16:21:12-05:00	sgx-km: Use CONFIG_PREEMPT_VOLUNTARY as an alternative to CONFIG_PREEMPT
3b475f4c457e8827ea793c420277a0da69f7988a	66ad220abd244063e53ae3a8d7da325cd11edeeb	2014-12-08T14:55:32+05:30	2014-12-08T15:50:08+05:30	km: removed extra character from trace message
3b6ca1d1f47a951c1f93ba5f9b693b25474d0798	b630d462f5fbb86e5f98965ba1af35da1207822f	2019-02-28T18:49:39+05:30	2019-02-28T18:49:39+05:30	km: remove DDK 1.14 specific files
3b89b884d204045300342a3c197fb697edd59baf	5b974d96a91e9ea41f29b53a99078dcf2fc790c9	2023-09-29T11:33:56-05:00	2023-10-05T11:17:09-05:00	km: Rename struct fence to dma_fence
3c88a6bdfda161d93929df42e41f6ad53b1a5257	bebf0066ae79fc231c8ae309ba470421789b60f8	2023-07-05T11:59:28+05:30	2023-08-12T17:09:35+05:30	km: osfunc: cleanup dma ops
3cd845e5603692c325c302e4b77634830c355cfb	6df5246430cc7c3c615081ee78ab0ed5b786a0dc	2018-03-08T16:22:11+05:30	2018-03-09T23:01:08+05:30	km: update pvr_drm interface for DRM API spec on K4.14
3d15fac4bbb06a6987421f995d87d2ee3331156c	78db3c65b9dafb802be133c7b14f8ed432e1fb78	2017-01-25T14:26:22+05:30	2023-03-22T16:21:12-05:00	Revert "km: build: remove dependency on user-mode builds"
3d3d480d8de6effc9136329a5cf5db9a8d7eaace	cb46ba4d0c900f89f7ec0284f9803d476bfa98de	2015-10-07T12:57:47-05:00	2016-02-11T14:27:05+05:30	build: km: linux: Use Jacinto6 as the default platform
3d5e9c9074b25dc6567449ca0c11d9066b2db2dc	2d4a2cf221a34a32dc71ab0e017f3b9a8e974a21	2016-02-04T19:12:40-05:00	2016-02-11T15:16:03+05:30	KM: Enhance OMAP-based platform code to support AM3/4/5 devices
3d9bc1a3a72795527be8b24cf6082507aceb05f4	a2526946d68bc4ef0076063b0eab2f8207049933	2021-02-24T14:21:51-06:00	2023-03-22T16:21:12-05:00	km: proc: convert to struct proc_ops
400550068dcb7aa04ea8bb92f46679cd41fcbe39	8715797c1b2975a5b34ff6c94f6493c90b113e14	2023-02-08T16:30:55-06:00	2023-09-28T15:56:57-05:00	km: Add support for current OE compilers
40eade347566f2496e87d5b1865c4d9cc5ab201b	4519ed3b83d1d72207ddc2874c7eb5e5a7f20d8d	2019-09-04T13:39:53-04:00	2020-02-06T14:22:10-06:00	build: Remove deprecated no warning flags
40ecd54266cd6ce5dcd80e1b0545fa45b4f14347	2e88826f1fa1afc90fa3c2d8f017f1820761b25b	2019-09-19T16:31:50-05:00	2023-03-22T16:21:12-05:00	srvkm: Use CMA region as default for memory alloc
41db39604be55ab7523e19f767c57756d938f721	590e6688171ad25897a3c7c138cdffecf891a831	2023-01-26T13:29:46-06:00	2023-09-28T15:59:33-05:00	km: Pull ION related check changes from Android DDK
426874836d3d9ec2ad21d1741df87a2234e75ebf	83431055a561bd69f1efc49164bd789547d8ff85	2012-10-29T17:23:49-05:00	2023-03-22T16:21:12-05:00	SGX-KM: sgxfreq: Enable on3demand governor as default
430673f78b79eccdf308a6bbfb524209b485d2cc	37e27eb740b27a432ded256250f4edc5b9b2b72d	2015-06-23T15:55:21+05:30	2015-06-23T15:55:21+05:30	km: Fix array-OOB issue in create_gem_wrapper
4519ed3b83d1d72207ddc2874c7eb5e5a7f20d8d	2135aafb5ad36fdb778733aa88a7869498f2dc22	2019-09-19T16:31:50-05:00	2019-09-24T06:21:23-05:00	srvkm: Use CMA region as default for memory alloc
45415cca38dbb5ae081cdd14dc0c8adb36b8979b	4548afa3d08df5fb980ad36df5e1d0a63812aa90	2012-10-29T17:23:49-05:00	2016-02-11T14:27:15+05:30	SGX-KM: sgxfreq: Enable on3demand governor as default
4548afa3d08df5fb980ad36df5e1d0a63812aa90	ea2ae0444f3643ea608f49eca2c880b8432ef62a	2012-10-10T13:27:38-05:00	2016-02-11T14:27:15+05:30	SGX-KM: sgxfreq: Header for GPL license
4738f9a0f75955fa443a3e53e1f670f2013848ee	0ce9c6f6b07b9676970b7383e0f21b91722aba1d	2023-09-29T17:42:24-05:00	2023-10-02T17:10:39-05:00	all: replace stddef refrences with img_defs
49a9c82f4757a799fcab51655634e80f6a1c3009	3c88a6bdfda161d93929df42e41f6ad53b1a5257	2023-07-12T12:34:43+05:30	2023-08-12T17:11:03+05:30	km: proc: rename PDE_DATA to pde_data
4ac887b09a0209de3d1f950e00ae184872822583	7c40c1dc05226be9662860166d16fc346a1378d9	2015-12-06T08:49:44+05:30	2016-02-11T14:27:17+05:30	km: change strnicmp to strncasecmp
4b2991c218d03392f332a685a971e5f9475df649	333ef031a98c0abdd49b6cfac61fbdd8c1d88518	2015-08-26T05:35:23+05:30	2015-08-26T05:35:23+05:30	km: change DT compatible to dra7
4cec130c650c9d4b6bc70cba68a0f42bd0471073	80702ff1431a028a6c85dda67282d4320068d648	2023-09-25T17:44:59-05:00	2023-09-29T11:57:11-05:00	moduledefs: target_armel: add el target based on hf
4dc02a9be9035ac1e0c9f9dab8a6701a9f4de5f4	a45dd03f1e3e1b6b6dfce0a96a9b1c2aa5527729	2020-01-20T19:32:32-05:00	2020-02-06T16:38:52-06:00	km: Add support for compiling with the ARM GCC 9.2+ toolchain
4e7c4ae284f7d7720e8ac709275f797fa6aa1e55	0eced942ab3b6b2567792337cc259d756580cc21	2014-06-29T21:05:17+05:30	2014-07-30T18:57:07+05:30	K3.12 create a dummy gem handle for every gem allocation
4ef19c1aed27ed74fce318b329c7707abbba5bd2	70fd434b18cc579b15211813d01cd1bad2bf9440	2012-10-02T22:36:02-05:00	2023-03-22T16:21:12-05:00	SGX-KM: Add idle and active time caluclation to sgxfreq
4faed66c9fc92a1bc3b3295b6411731f8087bbb2	358b73a160e9d9e0a2c6af07f32c15f777cd3b12	2021-02-24T14:21:51-06:00	2021-02-25T21:50:40-06:00	km: proc: convert to struct proc_ops
50a6e8fb26b0fb5160e1ffac8f0a414a69570863	d230b32f421120c1d1a588cbf82e9a70950391f9	2012-10-02T12:00:33-05:00	2016-02-11T14:28:33+05:30	gpu: thermal: adding cooling device for "case" management
50c1ec2308b9f64488d252ac55d65b51a0dfe287	76f305295daf9a77d9f8a563ce81bcf9b94e8eac	2020-02-14T17:47:12-06:00	2020-02-14T19:59:21-06:00	km: Use CONFIG_PREEMPTION
5433b1b54e5725ba79bd5a70837e5349fc40f75d	0f2b79401e3565c1824f86bb96672b67ff1f1cf6	2012-07-24T15:03:57-05:00	2016-02-11T14:27:11+05:30	SGX-KM: Add activeidle governor to sgxfreq
55a1d9e409695a91f46449d632b9821312458efd	375f0b037a5c485dd57d0a598924734ec138909c	2023-08-12T19:59:55+05:30	2023-08-12T20:11:23+05:30	km: fence: cleanup dmabuf reservation object handling
590e6688171ad25897a3c7c138cdffecf891a831	9f2212c34244336c8adb7197fcc89d86c29ad43e	2023-01-25T14:41:57-06:00	2023-09-28T15:59:31-05:00	km: Remove unused bufferclass example driver
5a08785fee8404223a42de14dea1d9bbc608dfc2	7b3b71dac2fe1df94439488f9a55c81ec762d6d6	2016-01-26T14:21:18-05:00	2023-03-22T16:21:12-05:00	KM: update thermal_zone_bind_cooling_device per function prototype change
5b25d8880ae8ebfb54f3bf6ea26c4803a16e2ed5	eafe8be202ec29dd1045139103eef4a536a3a3e8	2024-09-10T15:42:03-05:00	2024-09-19T12:19:27-05:00	sgx: km:  drm_map_legacy removed in newer kernels
5b26357ef6243e65d431be380103a692bbdce309	77c92db649289f0529a42af8d4518dcee20e4001	2015-08-25T17:54:53-04:00	2015-08-25T17:54:53-04:00	KM: Add include file "asm/outercache.h" if CONFIG_OUTER_CACHE
5b974d96a91e9ea41f29b53a99078dcf2fc790c9	af36f9dff494952436d82bf0a7b6ebe0817285d4	2023-10-03T10:16:20-05:00	2023-10-03T10:22:16-05:00	Remove checks for kernel versions older than v5.0
5bb795ce754bd8eb1a2b3ffd581f2d2ed4dacdb0	20f805c1c37aed9a2e3c9606a373722c817e1d4b	2016-06-27T18:11:37+05:30	2023-03-22T16:21:12-05:00	km: disable active power management
5c5ebf1f25d669cd56d954bf962f3ffb9a730422	b83e2affbaeb0c2c7a010b3eacc3f0d3b0f7669a	2014-02-03T13:01:07-06:00	2023-03-22T16:21:12-05:00	(HACK)SGX-KM: WA for missing prototypes in 3.12 and later kernels
5c8c3497d6c1d94f5a98b6112586adec4325b3f3	91745bd624caa42537dba0b42f08ae1186354baa	2024-09-10T15:50:48-05:00	2024-09-19T12:19:35-05:00	sgx: km: get_user_pages() API changed in newer kernels
5d1da83d94dc896580cadf2f5aead391985304d0	3929a26b32c09be362545af66f07f94a36e0b1e7	2014-12-07T14:13:16+05:30	2014-12-08T15:49:47+05:30	K3.14: API changes for ioremap
5db485fa5350cd4228e5574fff54aae0edfa4948	9027da1de0fd0742ebc9c99d851c6b9498bb81c9	2012-10-08T14:35:20-07:00	2023-03-22T16:21:12-05:00	SGX-KM: Add 'userspace' governor to sgxfreq
5dcb3b098055e2eab101696de930bfb95628356d	730d2b4891ddcf9292f9e7282e9d1ab6ea9dd54b	2015-02-21T11:33:43-06:00	2016-02-11T14:27:16+05:30	sgx-km: linux: Disable omaplfb, display device
5e1217b70a13fa7191948f68fbf5f3474d2ee05c	4dc02a9be9035ac1e0c9f9dab8a6701a9f4de5f4	2020-01-27T12:42:08-05:00	2020-02-06T16:38:52-06:00	km: Fix null pointer dereference when dma_ops is null
5f12c9fe10345b2ee7b654a877e60bc480cc19b3	329925425a9ee597df8a831e1eedc0cecb56b391	2015-12-02T17:08:24+05:30	2015-12-02T17:25:38+05:30	km: Disable debug options in the release build
5f8570e190b37e534c9195728812190ec999c9d5	8c42d96328af45fd117b598738afa4d60d88a88f	2019-02-22T12:42:58-05:00	2019-02-28T18:54:06+05:30	km: Makefile cleanup
60bf27ff0ba6079df13813a11c81ff96056715ed	7fa3c9052ddbce83a4df134e73f07c99ddc267d7	2012-10-26T10:36:47-05:00	2016-02-11T14:27:16+05:30	SGX-KM: sgxfreq userspace gov uses single frequency
6250b2a5f772cae9a50262361f680f3c15cdcb00	acde4ec75c683ea3fe96cf10016b47cce41f5198	2024-09-25T14:37:17-05:00	2024-09-25T14:45:49-05:00	config: core: error out on kernel/userspace mismatch
62a7820fd10ae90e2752dbc235e461bf4346f238	298a29a109a890cd9b0735ee7da1783efe5a6bed	2015-12-07T13:57:33+05:30	2023-03-22T16:21:12-05:00	km: update device compatibility as per the latest device binding
62af6e67676eaa40838271a5d078cb7c1b0a4929	a47c01f36a91aee37d0b6cf0e7d78e6a42d1db69	2021-02-24T12:13:39-06:00	2023-03-22T16:21:12-05:00	km: srvkm: use newer mmap locking api
62f31de3ceed156bff32abb3dd03693a02df117e	9d1358eaf3a416ec5c1f4830fba0ffc3d61192a5	2021-05-04T10:52:04-05:00	2021-05-05T10:08:36-05:00	Revert "km: pvr_fence: Replace seqcount with seqlock_t"
636e957a340ebba5c10fb8a5c5b3f30b85078c66	cff8103dca22c75fdb612fd431056ea0f4d4ff65	2019-02-28T18:49:39+05:30	2023-03-22T16:21:12-05:00	km: remove DDK 1.14 specific files
63f064dcc4d373e51b1b1763c70bb70bd3b51668	a3084c34f54696e5ac56e95e977dfb649e283a4b	2016-01-27T13:21:50+05:30	2023-03-22T16:21:12-05:00	build: enable PVR debug prints
652ae16657cc4acda664e669d0c9b4891252f37f	7b3f960339a6ca5c104ab89f293e2ddfdc42ede0	2024-10-15T14:51:00-05:00	2024-10-16T16:41:46-05:00	mmap: use pgprot_noncached before io_remap_pfn_range
6668f4ea0bbf7e3df7f72dc2230ab8da1e748b2d	ca11c0b21090b9f2431f1ebff008a2061bedd6e8	2013-06-27T20:41:23+05:30	2013-06-27T20:41:23+05:30	Installation for kernel modules
66ad220abd244063e53ae3a8d7da325cd11edeeb	eabfbabc80a6d435ad8d36347cdbf077113d7848	2014-12-07T17:16:38+05:30	2014-12-08T15:50:02+05:30	K3.14: Changed compatibility to omap4-gpu as per the new DT
67f4662155fe704ee2aa71e246738ca22517294e	32cbbd126bc3fc9c43562c6508586ee6ad93052d	2013-10-04T17:32:45+05:30	2013-10-04T17:32:45+05:30	Reversing the K3.8 patch
6881c7b86fc91f460a7da8848ed4c213c95c6f9f	0f3078be4b003c05f9be11b339425b34423059e3	2015-08-06T22:48:20+05:30	2015-08-24T09:46:08-04:00	km: change drm_mmap to drm_gem_mmap
696eaf6cff0e4ab6abedc3ff639ec158f8a6177f	5b26357ef6243e65d431be380103a692bbdce309	2015-08-27T20:21:00-04:00	2015-08-27T20:21:00-04:00	Update the compatible name for AM3/AM4 SGX
6dac08386fe5c5800e6f2c0e30ffb64b2b7d9a27	b1c0f63c128ee0133f9e7ed4f468ce1cddda7a71	2019-09-04T13:48:38-04:00	2020-02-06T14:23:14-06:00	build: Remove unused config variable SYS_OMAP5_UEVM
6df5246430cc7c3c615081ee78ab0ed5b786a0dc	769605f232660fb7a3b037424b9eb77709633506	2018-02-28T11:39:18+05:30	2018-03-09T23:01:00+05:30	km: include user access functions
6e803e23fa1564ebfee91e61e34bd9ad3c6d300b	5c8c3497d6c1d94f5a98b6112586adec4325b3f3	2024-09-18T10:09:53-05:00	2024-09-19T12:19:35-05:00	sgx: km: drm: fixup a removed structure member post K6.1
70fd434b18cc579b15211813d01cd1bad2bf9440	00feb97c35003dac20c0d4c1935fa99660a0454f	2012-10-02T14:54:46-05:00	2023-03-22T16:21:12-05:00	SGX-KM: Add frame_done interface to sgxfreq
730d2b4891ddcf9292f9e7282e9d1ab6ea9dd54b	60bf27ff0ba6079df13813a11c81ff96056715ed	2014-01-14T22:12:14-06:00	2016-02-11T14:27:16+05:30	sgx-km: sgxfreq: Changes for 3.8 and later kernels
743c007813d709836cca97c048ef1a1c25982c22	ebafbb34ad24cc10b4e402d1a2f2f8806343a3a8	2016-01-26T13:34:58-05:00	2023-03-22T16:21:12-05:00	KM: Make kernel configuration variable SUPPORT_LISR_MISR_SYNC conditional
748a30bf8988bfb6998ce0c6bc7054c09ed60268	bfe83bbabb3849c24b03d5172cf678e7c5915e04	2021-02-24T12:13:39-06:00	2021-02-25T21:50:40-06:00	km: srvkm: use newer mmap locking api
75516a5f2d4ce36777fc22bd1b20445259d07737	ac8a883f35bd7049454575eab28d227e8f71aa9b	2012-07-24T14:24:59-05:00	2023-03-22T16:21:12-05:00	SGX-KM: Add active/idle notification to sgxfreq
758f18daa17be6629c1804f94d0fb68d8b9e72fc	05bea01ff4455551403009fd46ef6fb21c9c2930	2024-10-31T17:43:11-05:00	2024-10-31T17:50:28-05:00	cc-check: use the same cc-check as rogue
76287f06c4ab8101cba5b0bb4e444566ea771b96	0f4a3aa79fbca5033d5af133eb4e0e35896bc1d7	2015-08-17T15:21:42-04:00	2015-08-17T15:21:42-04:00	km: Enhance DDK initialization procedure to support non-OMAP5 devices.
766b6004db9a7227aa736dc30de2e6316e2be7f6	852a47794d2e8656045e0339cbb9bd8e06d3e7e3	2012-07-24T11:01:34-05:00	2016-02-11T14:27:07+05:30	SGX-KM: Add cooling device interface to sgxfreq
769605f232660fb7a3b037424b9eb77709633506	0086977380d3320d70a3abc78b95fa0641427073	2018-02-28T11:37:27+05:30	2018-03-09T23:00:52+05:30	km: update remote user page mapping signature
76da7d73976f0a5dc04fdc84a3af899d6c2b1fe2	d2b3959738cfcc6209e8e882d1989de790866c8f	2018-10-17T18:05:37-04:00	2018-11-16T14:58:55+05:30	km: pvr_drm.c: move the assert_reset from DrmRemove to DrmUnload
76f305295daf9a77d9f8a563ce81bcf9b94e8eac	1cc2eded30f83bfce58c8ccc8cd61005addf9c0b	2020-01-28T14:00:09-06:00	2020-02-12T18:14:04-06:00	km: pvr_fence: Replace seqcount with seqlock_t
77c92db649289f0529a42af8d4518dcee20e4001	332b4da2164c08edff3a7e3f807ab84830d772ef	2015-08-25T17:53:27-04:00	2015-08-25T17:53:27-04:00	km: fix recursive mutex lock problem when debug  options are enabled and km: change device binding to be compatible with  updated DT
77e4ee2ec1b9374a702206d27321aefb7d65e29e	28ab7a28fefb909011513a7cb1029c7ddccea728	2023-10-11T19:16:05-05:00	2023-10-11T19:16:05-05:00	ti*_linux: Makefile: break the omap makefile up
784f602cbf8f4bd617a9d01e1dbe65031028a506	d419139859d08dcf5e35b4a1dfd78c065da752f9	2023-10-11T17:24:37-05:00	2023-10-11T17:24:37-05:00	omap_linux: Makefile: remove OPK_DEFAULT override
78db3c65b9dafb802be133c7b14f8ed432e1fb78	b42208fb9ad30f288ebf968a994a46f3fcf90136	2017-01-21T19:49:25+05:30	2023-03-22T16:21:12-05:00	km: k4.9 migration
7a60eec0cba26df9fc9acfe075a3f8a48018c35c	18f6db72799e4a7c78eaafcfbed9f782c13f0283	2024-10-01T16:22:48-05:00	2024-10-01T16:22:48-05:00	linux: NewAllocCmaLinuxMemArea make messages verbose
7b3b71dac2fe1df94439488f9a55c81ec762d6d6	0f1b63995057a714592ef26e28989ec4da8a4ed5	2016-01-26T13:31:30-05:00	2023-03-22T16:21:12-05:00	KM: Add Kernel configuration variable AM_VERSION
7b3f960339a6ca5c104ab89f293e2ddfdc42ede0	efc97ef15ba8314321308921063c2f7cdbdf9390	2024-10-08T19:49:52-05:00	2024-10-16T16:41:46-05:00	osfunc: make sure cma allocs are uncached
7be7ec8dfa9f3cf9e3cc6abc508682d4fb90515e	8f4638cace9cb0d6ca943671309668a28bca88dc	2021-03-22T12:55:59+01:00	2023-10-02T17:10:39-05:00	drm: pvrsgx: 1.17.4948957 remove never implemented MODULE_SUPPORTED_DEVICE like commit 6417f03132a69
7c40c1dc05226be9662860166d16fc346a1378d9	5dcb3b098055e2eab101696de930bfb95628356d	2015-02-21T11:29:07-06:00	2016-02-11T14:27:16+05:30	sgx-km: Enable DVFS
7c89d3433bd96d8b2755ca172e99198fa4b69c05	0525466547f6aa8fa68316ab250d2e22ebed4e41	2016-02-11T14:02:23+05:30	2023-03-22T16:21:10-05:00	IMG DDK 1.14 ED3699939
7d4a9d88b7e2355c8504cede7f7782835128c0b0	652ae16657cc4acda664e669d0c9b4891252f37f	2023-03-14T17:40:51-05:00	2024-10-18T12:42:21-05:00	Makefile.template: lift the NOTINTERMEDIATE logic
7e084e0452bfaa495d2a9c06c7a420bac35d8d99	67f4662155fe704ee2aa71e246738ca22517294e	2013-10-04T19:10:40+05:30	2013-10-04T19:10:40+05:30	DDK changes for GLSDK 6.02
7e567553fb64cb22f08a059554d75c81ce2a3007	e05ed7eb6f09ac7e2f9cc462b417dc88adbdc87d	2016-04-19T14:38:42+05:30	2023-03-22T16:21:12-05:00	km: Use CONFIG_ZONE_DMA for LPAE
7fa3c9052ddbce83a4df134e73f07c99ddc267d7	0182806f070bf1c7dcbe357355105d795f36d0c5	2012-10-30T17:25:33-05:00	2016-02-11T14:27:16+05:30	SGX-KM: Call idle hook on forced idle or power-down
80702ff1431a028a6c85dda67282d4320068d648	2f72349078fbe2924ae2d9b96fcddc7c9d4b63d7	2023-09-25T17:43:12-05:00	2023-09-29T11:57:11-05:00	Makefile: lift the makefile from rogue km
81fed69f90bff07780e7f17c0550c46b1b7b961f	0e36d53488522e61c7dd3af006f53745c1be925a	2023-10-05T17:09:19-05:00	2023-10-05T17:10:38-05:00	km: Include linux/of_device.h for struct of_device_id
82baf103b171ce138bef79c4194497a108e22df8	766b6004db9a7227aa736dc30de2e6316e2be7f6	2012-07-24T11:11:55-05:00	2016-02-11T14:27:08+05:30	SGX-KM: Add onoff governor to sgxfreq
83431055a561bd69f1efc49164bd789547d8ff85	5db485fa5350cd4228e5574fff54aae0edfa4948	2012-10-10T13:27:38-05:00	2023-03-22T16:21:12-05:00	SGX-KM: sgxfreq: Header for GPL license
83ec439629f44bbea899bfaed1e719743d61cf01	a99c2cef71407bf63db49af96e43cfdd8c7b3b7a	2018-02-28T11:39:18+05:30	2023-03-22T16:21:12-05:00	km: include user access functions
84d5273a35673705583c902b82865308b38b1d3e	0e087a294eb45f5470e2cbc5f57d2ee7f998ebfb	2014-06-09T15:06:40+05:30	2014-06-13T17:50:12+05:30	K3.12: Update the driver for changes in ProcFS APIs
84d8083b9868973dcfe5ccf2c43d9ee1a93d8021	ab98f77ec2ff386f348d67094626173b87b7542f	2019-02-22T12:42:58-05:00	2023-03-22T16:21:12-05:00	km: Makefile cleanup
85196abde383f0a032de3159981044753d8e64aa	2b7523d07a13ab704a24a7664749551f4a13ed32	2015-10-06T16:40:32-04:00	2015-10-06T16:40:32-04:00	KM: Replace DOS-line endings with Unix ones
8526d639399e06b6e80dfa2e3dcd208d4d528550	5a08785fee8404223a42de14dea1d9bbc608dfc2	2016-02-04T18:20:39-05:00	2023-03-22T16:21:12-05:00	KM: Invoke platform-specific reset API calls if available
852a47794d2e8656045e0339cbb9bd8e06d3e7e3	256694cbc12bf1b13a6c2714372c603d6f3845b1	2015-10-07T19:04:05-05:00	2016-02-11T14:27:07+05:30	SGX-KM: Add sgxfreq subsystem for DVFS control
855889f437250b6572c75d12696ec4a998b9aef9	3cd845e5603692c325c302e4b77634830c355cfb	2018-03-08T16:56:57+05:30	2018-03-09T23:01:14+05:30	km: register SGX as a drm device
863fe1e9343eb9d6bb3ea99d19b6212e81c00659	7be7ec8dfa9f3cf9e3cc6abc508682d4fb90515e	2022-06-06T18:59:29+02:00	2023-10-02T17:10:39-05:00	FIXME: pvrsrv: 1.17: pvr_linux_fence: there is no direct access to struct dma_resv_list and no resv->seq mechanism any more
8680409ad5ce44b7ce3a43916332f6a29bc711de	82baf103b171ce138bef79c4194497a108e22df8	2012-07-24T12:48:06-05:00	2016-02-11T14:27:08+05:30	SGX-KM: Rework SGX idle notification
86a4ffae3458c51f0a58e44b17b7a4fd92d2b8c6	6668f4ea0bbf7e3df7f72dc2230ab8da1e748b2d	2013-08-06T12:52:42+05:30	2013-08-13T11:14:35+05:30	porting to Linux-3.8.y
86d63f24aa60f91afaa6348f02fb6ec71fb99531	8e0bd98ce76f23bc912a7b93a95adda771000b09	2020-01-20T18:44:17-05:00	2023-03-22T16:21:12-05:00	km: Fix check against mixed-bit DDK and kernel builds
8715797c1b2975a5b34ff6c94f6493c90b113e14	348fbd005e82b1357b66b9a1fc0ed449cc6200f3	2023-01-25T13:15:47-06:00	2023-09-28T15:56:57-05:00	km: Rename jacinto6evm and omap5uevm products to ti572x
872aa64b227cadbc97755a4192919dd5ca637971	0f3561a47cf7a1b968fb64446a0be10abc9a15d5	2015-03-23T13:07:02+05:30	2015-03-23T13:07:02+05:30	Enable voluntary kernel preemption option in the SGX driver
877a45ba3797fecdadcae35cc09103e9bec72b0e	f3adf9071cc4985beec89bae108082b75cead01d	2016-07-04T14:22:01+05:30	2016-07-04T14:32:49+05:30	km: disable active power management
8782701c7b07de94f74f0fe573d6d11a5d5b5159	7e567553fb64cb22f08a059554d75c81ce2a3007	2019-09-04T18:55:17-04:00	2023-03-22T16:21:12-05:00	km: Drop unused platform definitions for jz4780
8aea4b4e9e8ffb465f0317cb819fe712b5c0a239	eec409d9fcd363f1f8217eb7898a96ff9024a05f	2014-06-27T17:42:00+05:30	2014-07-30T18:40:07+05:30	K3.12 update DRM_IOCTLs to reflect argument size
8b71d01c7f2d8d1b00d9d5255536da66a8bdf790	76287f06c4ab8101cba5b0bb4e444566ea771b96	2015-08-19T18:50:56-04:00	2015-08-19T18:50:56-04:00	km: mmap.c Add SUPPORT_DRI_DRM_EXTERNAL protection for drm_gen related code
8baa9515dc1bca3b6032c35435e03b1a9250030f	863fe1e9343eb9d6bb3ea99d19b6212e81c00659	2022-09-05T20:37:42+02:00	2023-10-02T17:10:39-05:00	pvrsrv: 1.17: pvr_linux_fence: Repace dma_resv_list by iterator
8c42d96328af45fd117b598738afa4d60d88a88f	3b6ca1d1f47a951c1f93ba5f9b693b25474d0798	2019-02-25T09:49:06-05:00	2019-02-28T18:53:55+05:30	km: add SoC specific sysconfig files
8d5305b03dce13f3a9a89328c69c762dcd3109a4	bc3128527024bd76f9ab4d8d7db13ad65a24458b	2017-01-13T09:01:55-05:00	2017-01-17T19:09:51+05:30	km: remove update of sysconfig register in driver
8e0bd98ce76f23bc912a7b93a95adda771000b09	8782701c7b07de94f74f0fe573d6d11a5d5b5159	2019-09-04T17:13:15-04:00	2023-03-22T16:21:12-05:00	km: Remove Xorg and Linux from version string
8e10b4e752cd5a45b0c34003ce8c0b60305b1bcf	04bddbd1f7d1c13c087e45ab9fc6a15fe9c73772	2020-01-28T14:00:09-06:00	2023-03-22T16:21:12-05:00	km: pvr_fence: Replace seqcount with seqlock_t
8f4638cace9cb0d6ca943671309668a28bca88dc	4738f9a0f75955fa443a3e53e1f670f2013848ee	2023-09-29T17:52:19-05:00	2023-10-02T17:10:39-05:00	all: wrap all stdarg.h includes for new kernels
9027da1de0fd0742ebc9c99d851c6b9498bb81c9	4ef19c1aed27ed74fce318b329c7707abbba5bd2	2012-10-02T23:28:47-05:00	2023-03-22T16:21:12-05:00	SGX-KM: Add on3demand governor to sgxfreq
91745bd624caa42537dba0b42f08ae1186354baa	c5e189c8a02193817a835303a52b6655fdf38b81	2024-09-10T15:48:58-05:00	2024-09-19T12:19:35-05:00	sgx: km: fix up the removal of __pte_offset_map_lock
917ff9b0a25a4f19e54ad7407729dc572b06d3a8	430673f78b79eccdf308a6bbfb524209b485d2cc	2015-08-17T14:43:03-04:00	2015-08-17T14:43:03-04:00	km: Enable AM335x support - Add am335x sysconfig.c and other device-specific header and utility files - Add am335x Makefile
918ab2be10b97cdea55dcf1c5465a0bb50db05df	df2a61d79ed0555d020f4be52ae2c28402d43c65	2021-09-13T19:39:17+02:00	2023-10-02T17:10:39-05:00	compile fix v5.15-rc1
919e7926714a65af22d199f2eaa681f94fd09aff	b9105346c3759ccfeca970b540722a133e9695b6	2021-02-25T20:52:01-06:00	2023-03-22T16:21:12-05:00	km: srvkm: drop use of ioremap_nocache
920716f9ace33e2bc942a071bbb89a6d7fe59d43	1cbb91ea338e0ea193e42165b6c2b56a39c8ac79	2023-10-03T09:31:05-05:00	2023-10-05T17:10:34-05:00	km: Fix printf format build warning with 32bit dma_addr_t
923e8cf9e94daca7a217675b577b728fccfcb2cd	784f602cbf8f4bd617a9d01e1dbe65031028a506	2023-10-11T17:36:17-05:00	2023-10-11T17:36:17-05:00	omap_linux: Makefile: remove PVR_OMAPLFB_DRM_FB vars
933dae13fb2dc976d6040b8dfde14b9767f0231d	25b114d0466aa89b83e640e9a0dd04f7d7b0fab1 86a4ffae3458c51f0a58e44b17b7a4fd92d2b8c6	2013-10-04T17:18:15+05:30	2013-10-04T17:18:15+05:30	Merge branch 'master' of git.ti.com:graphics/omap5-sgx-ddk-linux
936458e63416d57e4ecc0089797ba1c396fa0679	34e15bf0067b89e523628ad88457c0aff31dd992	2022-10-25T13:57:37-05:00	2023-09-28T15:54:54-05:00	km: Remove unneeded VS_PRODUCT_NAME defines
958ac7ebd945bc1594cf27e32219ca0cc2a3ce29	f25fe33bd65c88bdaee45cc3b214290e4998f031	2016-02-22T13:07:59+05:30	2016-03-05T09:07:29+05:30	km: Handle scenarios for kmalloc failure
95c0ef7b44680f2ca6aaa1b6c62936b1d97bdca0	2b002e229105e4affd3800320bf764b8e8ce3c0a	2015-08-12T23:14:49+05:30	2015-08-24T09:46:44-04:00	km: update for omapdrm plugin changes supporting single mapper
96ef6065af1510ba57233a335ddd3016da0aceef	97c89b9883bcacaf96e467d7b20023b9c3d516c8	2015-11-25T20:40:42-08:00	2015-11-26T19:23:30+05:30	km: fix mutex lock during SGX H/W recovery with lockdep enabled
97c49d302efd50d1e52bf55a25fe8ecf3e5476c3	758f18daa17be6629c1804f94d0fb68d8b9e72fc	2024-10-31T16:21:46-05:00	2024-10-31T17:57:21-05:00	buildvars: update the prefix map path
97c89b9883bcacaf96e467d7b20023b9c3d516c8	b6f1e4d6f55b05d15f67b91738b45a2b5bdffe65	2015-08-13T12:53:43+05:30	2015-11-26T09:55:03+05:30	km: fix recursive mutex lock problem when debug options are enabled
9855bcc288b2c3ef715064705f727334439556d8	d1d4d86e553a9bf56e0b5a25b280ab581ab15586	2016-01-26T14:21:18-05:00	2016-02-11T15:10:46+05:30	KM: update thermal_zone_bind_cooling_device per function prototype change
9abafb0d0d9e8cf97c0e15c4c019d8745aa1348a	ac7f35ad4ad63595f3632b3cdfee6cb234254fa8	2023-08-13T20:48:30+05:30	2023-10-02T17:10:39-05:00	km: mm: fix vmap flags
9ae0fa4998b1c624408945e062bf8fb0ea7efb9d	f555b9e1ae4b2baf68ac778ca41dc0c17e96f89a	2025-03-18T15:00:58-05:00	2025-03-18T16:42:27-05:00	compiler.mk: fix hardfloat toolchains not using suffix
9d1358eaf3a416ec5c1f4830fba0ffc3d61192a5	c3f9b78d2226e43aa389df209df05c2efccdf21c	2021-02-25T21:10:25-06:00	2021-02-25T21:50:40-06:00	km: osfunc: add dma-map-ops.h
9f2212c34244336c8adb7197fcc89d86c29ad43e	400550068dcb7aa04ea8bb92f46679cd41fcbe39	2023-01-25T14:38:52-06:00	2023-09-28T15:58:44-05:00	km: Remove unused null display DRM driver
9f690e5e7b6c215dc54e4a8c58b8e55cabcd394f	37502630b9b5fa4f4f412837694eb133ab28cc30	2016-01-27T13:21:50+05:30	2016-02-11T14:27:17+05:30	build: enable PVR debug prints
9faebe4ebe49c4b21a61a714bb372d48647589e6	218a37562ef3d051ef0984b25b551d8a2ef1444d	2021-11-19T10:45:10+02:00	2023-09-29T16:07:17-05:00	drm: pvrsgx: dmabuf import - Do not assume scatterlist memory is contiguous
a0e6adcdacab3610624e5242bae2e59d460ce15c	1450ae2166ad952ef30197e79518b51577a629e6	2013-06-27T20:02:37+05:30	2013-06-27T20:02:37+05:30	Added a git ignore
a0ff0e7423f26387255e1c9205f6664a954b15ef	eb2a06ca205ce150edc819b5757f2ee8514e259f	2015-02-21T11:33:43-06:00	2023-03-22T16:21:12-05:00	sgx-km: linux: Disable omaplfb, display device
a19b99beae63ed2a56e792f1b5e80437c22f8f89	63f064dcc4d373e51b1b1763c70bb70bd3b51668	2016-02-02T20:16:54+05:30	2023-03-22T16:21:12-05:00	km: disable DVFS
a24ae6b2573b7eb1dc94473aa9953b964079b5c6	322bcda5f3076037e2e20ef9209f4f4d575a7d5f	2015-07-13T10:21:20+05:30	2015-07-13T10:21:20+05:30	km: move source to eurasia_km folder
a2526946d68bc4ef0076063b0eab2f8207049933	62af6e67676eaa40838271a5d078cb7c1b0a4929	2021-02-24T12:30:22-06:00	2023-03-22T16:21:12-05:00	km: srvkm: drop use of drmP.h
a3084c34f54696e5ac56e95e977dfb649e283a4b	62a7820fd10ae90e2752dbc235e461bf4346f238	2015-12-07T14:25:47+05:30	2023-03-22T16:21:12-05:00	km: (HACK): map entire SGX address range
a45dd03f1e3e1b6b6dfce0a96a9b1c2aa5527729	cf7f48cb30abfd5df7a60c9bf4bbb1dde0d496d9	2020-01-20T18:44:17-05:00	2020-02-06T16:38:52-06:00	km: Fix check against mixed-bit DDK and kernel builds
a47c01f36a91aee37d0b6cf0e7d78e6a42d1db69	1c3ea3c608177eaace5e5ad93a09ac8d7abb5563	2020-05-01T17:12:10-04:00	2023-03-22T16:21:12-05:00	km: Rename AM_VERSION to VS_PRODUCT_VERSION
a47cdb12d5528e59c09c4f73888529d88beecb1d	8e10b4e752cd5a45b0c34003ce8c0b60305b1bcf	2020-02-14T17:47:12-06:00	2023-03-22T16:21:12-05:00	km: Use CONFIG_PREEMPTION
a5a0fe1799cabfa1278321b667263cf3fa2cf32f	c13efb766a8fc680374ae7affc6df535f823bacb	2016-08-09T11:31:41-04:00	2016-08-26T23:07:43+05:30	km: Resolve Linux build warnings
a90f89f4a2f2e8a05894d807de4db63ebf62a392	1a6db182eb71299645807f54f687be014b557798	2014-10-14T15:58:38-05:00	2016-02-11T14:27:06+05:30	sgx-km: Use CONFIG_PREEMPT_VOLUNTARY as an alternative to CONFIG_PREEMPT
a99c2cef71407bf63db49af96e43cfdd8c7b3b7a	3d15fac4bbb06a6987421f995d87d2ee3331156c	2018-02-28T11:37:27+05:30	2023-03-22T16:21:12-05:00	km: update remote user page mapping signature
ab98f77ec2ff386f348d67094626173b87b7542f	636e957a340ebba5c10fb8a5c5b3f30b85078c66	2019-02-25T09:49:06-05:00	2023-03-22T16:21:12-05:00	km: add SoC specific sysconfig files
ac7f35ad4ad63595f3632b3cdfee6cb234254fa8	8baa9515dc1bca3b6032c35435e03b1a9250030f	2021-11-16T18:54:55+01:00	2023-10-02T17:10:39-05:00	drm: pvrsgx: 1.17.4948957: fix dmabuf.c which needs MODULE_IMPORT_NS(DMA_BUF)
ac8a883f35bd7049454575eab28d227e8f71aa9b	ad511f2798f45eab3c44826fdd860811cce4b1f6	2012-07-24T12:48:06-05:00	2023-03-22T16:21:12-05:00	SGX-KM: Rework SGX idle notification
acde4ec75c683ea3fe96cf10016b47cce41f5198	cb050553d33455a5f511bba9628d82e36d9091ff	2024-09-25T14:30:40-05:00	2024-09-25T14:36:24-05:00	config: core: use CONFIG_ZONE_DMA32 for LPAE
ad511f2798f45eab3c44826fdd860811cce4b1f6	b89ffe29648d567a28ce5275aa1fbbd584d6a02c	2012-07-24T11:11:55-05:00	2023-03-22T16:21:12-05:00	SGX-KM: Add onoff governor to sgxfreq
ad7c4fa37897b59b6d9ddabb9aba03fd515ffa29	696eaf6cff0e4ab6abedc3ff639ec158f8a6177f	2015-09-03T14:17:19-04:00	2015-09-03T14:17:19-04:00	KM: Update the device-sgx names at omap_gpu_id_table
ad81f4c44e1d7563fbabcafd22017689e51265e9	936458e63416d57e4ecc0089797ba1c396fa0679	2022-10-25T14:08:06-05:00	2023-09-28T15:54:54-05:00	km: Factor out SYS_SGX_ACTIVE_POWER_LATENCY_MS and DEVICE_SGX_INTERRUPT
af36f9dff494952436d82bf0a7b6ebe0817285d4	08c025ecdfc790b45abfb054abf6d34e50ac2abb	2023-10-03T10:04:51-05:00	2023-10-03T10:22:13-05:00	Remove checks for kernel versions older than v4.0
b144fa4b97cb69e54cabaad62daffcd4b5497c29	855889f437250b6572c75d12696ec4a998b9aef9	2018-03-12T17:56:50-04:00	2018-03-14T19:27:34+05:30	pvr_drm.c: fix undeclared identifier error for AM3/4 builds
b1c0f63c128ee0133f9e7ed4f468ce1cddda7a71	40eade347566f2496e87d5b1865c4d9cc5ab201b	2019-09-04T13:45:00-04:00	2020-02-06T14:22:21-06:00	build: Do not build without TARGET_PRODUCT set
b2ec2ea660097fa673d33df394479cb77cdb4134	84d8083b9868973dcfe5ccf2c43d9ee1a93d8021	2019-01-17T14:42:05-05:00	2023-03-22T16:21:12-05:00	km: pvr_drm.c: move the assert_reset from DrmRemove to DrmUnload
b304c9b7e8dba025de828740502e10add9ed6e86	ad7c4fa37897b59b6d9ddabb9aba03fd515ffa29	2015-09-18T13:59:41-04:00	2015-09-18T13:59:41-04:00	KM: Disable the check of interrupt count at function SGXPrePowerState() temporarily.
b42208fb9ad30f288ebf968a994a46f3fcf90136	2c407d34e45398cbb029c4299b78af3a1ed991b7	2017-01-13T09:01:55-05:00	2023-03-22T16:21:12-05:00	km: remove update of sysconfig register in driver
b45658fb2090a579e48942909f3865152f82e1ca	27f8b72796622b1b59ff82bc988c5949de11ce80	2016-10-13T10:50:13+05:30	2023-03-22T16:21:12-05:00	km: build: remove dependency on user-mode builds
b5ca247cfb9df9809cb4e77b266f70ca90a905f7	396674e0f1f12193d3e1d3c1af4accc203907a07	2015-08-06T22:28:46+05:30	2015-08-06T22:28:46+05:30	km: change device binding to be compatible with updated DT
b630d462f5fbb86e5f98965ba1af35da1207822f	855889f437250b6572c75d12696ec4a998b9aef9	2018-07-06T22:05:14+05:30	2018-07-06T22:05:14+05:30	km: update for DDK 1.17 on AM654x
b6636748b29580db38213258d572aa1441936fd7	49a9c82f4757a799fcab51655634e80f6a1c3009	2023-07-14T15:08:12+05:30	2023-08-12T17:12:51+05:30	km: dmabuf/fence: remove checks for older kernel versions
b6f1e4d6f55b05d15f67b91738b45a2b5bdffe65	d969679e86d0e8971108ca5b0c70df6592d755df	2015-07-27T13:07:29+05:30	2015-08-15T22:52:34+05:30	km: enable traces when the SGX recovers from error
b7f92683af1d0f5032b5c18325ed7cb418de18ef	3882292ae3b787b09f35ea2853ddeb8b0e8f45df	2021-10-27T10:34:32+01:00	2023-03-22T16:21:12-05:00	Fix driver config for 5.10 kernel
b83e2affbaeb0c2c7a010b3eacc3f0d3b0f7669a	7c89d3433bd96d8b2755ca172e99198fa4b69c05	2015-10-07T12:57:47-05:00	2023-03-22T16:21:12-05:00	build: km: linux: Use Jacinto6 as the default platform
b89ffe29648d567a28ce5275aa1fbbd584d6a02c	33623289ac5281a4567e49429f9ca24c3f36d927	2012-07-24T11:01:34-05:00	2023-03-22T16:21:12-05:00	SGX-KM: Add cooling device interface to sgxfreq
b9105346c3759ccfeca970b540722a133e9695b6	3d9bc1a3a72795527be8b24cf6082507aceb05f4	2021-02-24T14:35:19-06:00	2023-03-22T16:21:12-05:00	km: mm: drop pgprot arg for __vmalloc
b9882626983f95ba55778f85b2078d14f7435afa	86d63f24aa60f91afaa6348f02fb6ec71fb99531	2020-01-20T19:32:32-05:00	2023-03-22T16:21:12-05:00	km: Add support for compiling with the ARM GCC 9.2+ toolchain
bb86c69816a51e907bccc2f75885237e7d072419	919e7926714a65af22d199f2eaa681f94fd09aff	2021-02-25T21:10:25-06:00	2023-03-22T16:21:12-05:00	km: osfunc: add dma-map-ops.h
bc3128527024bd76f9ab4d8d7db13ad65a24458b	e68719ba7c54602c710b6615cd665f5b7f47f85e	2016-11-14T15:19:33+05:30	2016-11-18T20:10:25+05:30	km: fix error in calculating size of page array
bcb809355f813337f2ca2640b4fa405eaf8097da	0faba9b9d4e55ca9bbd601ceac79526d9b3b602f	2012-10-02T22:36:02-05:00	2016-02-11T14:27:12+05:30	SGX-KM: Add idle and active time caluclation to sgxfreq
bd259f327255b808f6a16de0ee9ea188796785ab	ad81f4c44e1d7563fbabcafd22017689e51265e9	2022-10-25T14:10:06-05:00	2023-09-28T15:54:54-05:00	km: Remove information that is always set by Device Tree
bebf0066ae79fc231c8ae309ba470421789b60f8	eda7780bfd5277e16913c9bc0b0e6892b4e79063	2023-07-05T11:49:13+05:30	2023-08-12T17:08:16+05:30	km: module: remove MODULE_SUPPORTED_DEVICE
bf8997b894f216261f914f64d33e6e588770da5a	4e7c4ae284f7d7720e8ac709275f797fa6aa1e55	2014-08-01T17:47:52+05:30	2014-08-08T21:51:57+05:30	K3.12 mmap support for sync data
bfd9edef3f976906fb7fececbfa29d16801154f5	c6c189caf2e826d9d9d350fec1cb127eee1e3d11	2023-08-25T12:50:43+05:30	2023-08-25T13:39:22+05:30	headers: modify include paths for 6.1 kernel on yocto
bfe83bbabb3849c24b03d5172cf678e7c5915e04	d654d4cd09ecb72847b61d2b58b6b0ca7ecf2283	2020-05-01T17:12:10-04:00	2020-06-08T17:27:47-05:00	km: Rename AM_VERSION to VS_PRODUCT_VERSION
c13efb766a8fc680374ae7affc6df535f823bacb	c8d280c2842bf4b1fdc63f5efd89595807c0a254	2016-06-27T18:11:37+05:30	2016-06-27T18:11:37+05:30	km: disable active power management
c357ea03f32dbf65fb0f07355032a554dd883407	9abafb0d0d9e8cf97c0e15c4c019d8745aa1348a	2023-10-02T15:36:26-05:00	2023-10-02T17:10:39-05:00	omap_linux: Makefile: indentation helps
c3f9b78d2226e43aa389df209df05c2efccdf21c	267feb173eab12220c03a4ce1564e62c065a63c5	2021-02-25T20:52:01-06:00	2021-02-25T21:50:40-06:00	km: srvkm: drop use of ioremap_nocache
c53a5dfb9f4d5612c372ec8e252cb13a731c9c10	e06c0a4e11401534b938b9a7b1c3f27a65db871f 03991033fcad439901955d54de24368c216041f2	2015-12-11T13:59:45+05:30	2015-12-11T13:59:45+05:30	Merge branch 'dra7/k3.14' into dra7/k4.1
c545bf1c937b6067d27b7a268093baa3b8091185	5f8570e190b37e534c9195728812190ec999c9d5	2019-01-17T14:42:05-05:00	2019-02-28T18:57:11+05:30	km: pvr_drm.c: move the assert_reset from DrmRemove to DrmUnload
c59e9ce72836960571e0c04cb531dd5845f99d88	285ce496cecfedcc1c1acc653e3ee4be32995281	2015-08-12T23:14:49+05:30	2015-08-12T23:14:49+05:30	km: update for omapdrm plugin changes supporting single mapper
c5a0d8c31ac338c759163edb4c295883ea2adc35	e6da838a5eae6b73fa9069b4b1df18d027a06b7b	2015-08-14T21:24:43+05:30	2015-08-14T21:24:43+05:30	Revert "km: Drop GEM reference after handle create"
c5e189c8a02193817a835303a52b6655fdf38b81	5b25d8880ae8ebfb54f3bf6ea26c4803a16e2ed5	2024-09-10T15:43:50-05:00	2024-09-19T12:19:35-05:00	sgx: km: newer kernels don't allow direct access to vm_flags
c6c189caf2e826d9d9d350fec1cb127eee1e3d11	55a1d9e409695a91f46449d632b9821312458efd	2023-08-13T20:48:30+05:30	2023-08-13T20:48:30+05:30	km: mm: fix vmap flags
c85f932329f8f9e0ca8aba23556663983671b4c1	290c3f3c9a7cee99da1810d39978109a59747f55	2016-04-19T14:38:42+05:30	2020-02-06T16:38:52-06:00	km: Use CONFIG_ZONE_DMA for LPAE
c8d280c2842bf4b1fdc63f5efd89595807c0a254	106ddd54843dd05b77b57df4a72b327684916ef5	2016-04-19T14:38:42+05:30	2016-04-20T16:44:11+05:30	km : use CONFIG_ZONE_DMA for LPAE
ca11c0b21090b9f2431f1ebff008a2061bedd6e8	d866660e61c1fd119c848fd90911565a59d624cc	2013-06-27T20:10:16+05:30	2013-06-27T20:10:16+05:30	Ensure that Linux kernel has been built with preemptible kernel
ca5181476f3ba570a0f5373fb68a742438da9a10	920716f9ace33e2bc942a071bbb89a6d7fe59d43	2023-10-03T11:06:14-05:00	2023-10-05T17:10:38-05:00	km: Remove unneeded check for SUPPORT_DMABUF
cb050553d33455a5f511bba9628d82e36d9091ff	6e803e23fa1564ebfee91e61e34bd9ad3c6d300b	2024-09-18T10:12:58-05:00	2024-09-19T12:19:35-05:00	sgx: km: osfunc: remove deprecated do_gettimeofday
cb46ba4d0c900f89f7ec0284f9803d476bfa98de	1450ae2166ad952ef30197e79518b51577a629e6	2016-02-11T14:02:23+05:30	2016-02-11T14:08:05+05:30	IMG DDK 1.14 ED3699939
cbcf497bee4c86a3142f7ed0c2de672e5a96682e	743c007813d709836cca97c048ef1a1c25982c22	2016-04-20T16:19:01+05:30	2023-03-22T16:21:12-05:00	km: use platform specific reset APIs only for AM3/AM4 platform
cc73af59a34f938f09e84b1004679e9b1a5973f2	83ec439629f44bbea899bfaed1e719743d61cf01	2018-03-08T16:22:11+05:30	2023-03-22T16:21:12-05:00	km: update pvr_drm interface for DRM API spec on K4.14
ce8e788072e2f72aaf8c09bdd6a6436bec9ddfb6	7e084e0452bfaa495d2a9c06c7a420bac35d8d99	2014-03-11T12:01:07+05:30	2014-03-25T17:49:46+05:30	memory leak fix for external GEM buffers
cf7f48cb30abfd5df7a60c9bf4bbb1dde0d496d9	2e83a1d081c566be42883b178c39a007c2fc47e1	2019-09-04T17:13:15-04:00	2020-02-06T16:38:52-06:00	km: Remove Xorg and Linux from version string
cff8103dca22c75fdb612fd431056ea0f4d4ff65	375b47e32ab9dd48861a653ef0134ca9ae836035	2018-07-06T22:05:14+05:30	2023-03-22T16:21:12-05:00	km: update for DDK 1.17 on AM654x
d120961614857db8a0c56e522c076d1417fdadb1	b9882626983f95ba55778f85b2078d14f7435afa	2020-01-27T12:42:08-05:00	2023-03-22T16:21:12-05:00	km: Fix null pointer dereference when dma_ops is null
d1d4d86e553a9bf56e0b5a25b280ab581ab15586	204d10d1ac5b71cd0329dd9d59459d89630def1d	2016-01-26T13:31:30-05:00	2016-02-11T15:10:12+05:30	KM: Add Kernel configuration variable AM_VERSION
d230b32f421120c1d1a588cbf82e9a70950391f9	9f690e5e7b6c215dc54e4a8c58b8e55cabcd394f	2016-02-02T20:16:54+05:30	2016-02-11T14:27:17+05:30	km: disable DVFS
d2b3959738cfcc6209e8e882d1989de790866c8f	b144fa4b97cb69e54cabaad62daffcd4b5497c29	2017-11-10T18:55:26-05:00	2018-03-19T12:43:34+05:30	srvkm/common/devicemem.c: suppress implicit fallthrough error in gcc7
d419139859d08dcf5e35b4a1dfd78c065da752f9	1ed0f3b0726c7f4290385c666999d1f762ae0e61	2023-10-11T17:00:08-05:00	2023-10-11T17:00:08-05:00	omap_linux: Makefile: factor out UBUNTU_TOOLCHAIN
d654d4cd09ecb72847b61d2b58b6b0ca7ecf2283	2eae99c43f7e0febf2d08280240fb2b60eccfec0	2020-05-05T14:36:47-04:00	2020-06-08T17:22:41-05:00	km: Add Android available hardware definitions
d77c3b2ee61b6d22706a66bd625b689a74db3c89	426874836d3d9ec2ad21d1741df87a2234e75ebf	2012-10-30T12:15:59-05:00	2023-03-22T16:21:12-05:00	SGX-KM: sgxfreq active notification to always follow clk_on
d866660e61c1fd119c848fd90911565a59d624cc	a0e6adcdacab3610624e5242bae2e59d460ce15c	2013-06-27T20:09:10+05:30	2013-06-27T20:09:10+05:30	Updated readme to reflect OMAP5 build steps
d8f376c24002ec0482a9047bfc715f6da7a616a4	2d9486b79ca06812c4f781d7df0796aa86629de4	2019-09-04T13:45:00-04:00	2023-03-22T16:21:12-05:00	build: Do not build without TARGET_PRODUCT set
d969679e86d0e8971108ca5b0c70df6592d755df	430673f78b79eccdf308a6bbfb524209b485d2cc	2015-07-14T16:49:56+05:30	2015-08-15T22:52:30+05:30	km: close GEM vm using DRM API.
dbdbd9309a58ee723fc827ef5fd45c28347cf61f	16961a3f4524b653fba99d949d6972c77c7d2701	2019-05-07T17:06:09-04:00	2019-05-08T16:28:02+05:30	km: support general toolchain
dc0eb0df30b794ec435f7245dbd58e8e93a63d55		2023-03-22T16:06:53-05:00	2023-03-22T16:19:24-05:00	README: add placeholder text
dc9a1dbf1d5c55b5254ed7a18155a3cf97bbc8cb	d8f376c24002ec0482a9047bfc715f6da7a616a4	2019-09-04T13:48:38-04:00	2023-03-22T16:21:12-05:00	build: Remove unused config variable SYS_OMAP5_UEVM
df2a61d79ed0555d020f4be52ae2c28402d43c65	ed90d575c29984e6536aa09698965a2d910f1037	2023-09-29T16:53:20-05:00	2023-10-02T17:10:39-05:00	kbuild: take some args from rogue to set ar and such
e05ed7eb6f09ac7e2f9cc462b417dc88adbdc87d	fff11fff5da2d89195053586e3ead105f3923ec5	2019-09-04T16:44:27-04:00	2023-03-22T16:21:12-05:00	build: Make eurasia_km makefile match to UM
e06c0a4e11401534b938b9a7b1c3f27a65db871f	4b2991c218d03392f332a685a971e5f9475df649	2015-08-26T08:05:28+05:30	2015-08-26T08:05:28+05:30	km: TEMP: map entire SGX address range
e1bbee4d3f7cfedbce3f78a4ac432096f92b858c	f585cd4968756b4c4128fca903c2132e03f3c2da	2023-10-13T11:42:46-05:00	2023-10-13T11:42:46-05:00	README.md: update contents for new build method
e33760c18dbffa409d9da6a11e95083921b03af0	02545fd29aecdb1a3de8c554ab75797336b5a8e2	2012-10-26T10:36:47-05:00	2023-03-22T16:21:12-05:00	SGX-KM: sgxfreq userspace gov uses single frequency
e68719ba7c54602c710b6615cd665f5b7f47f85e	a5a0fe1799cabfa1278321b667263cf3fa2cf32f	2016-10-13T10:50:13+05:30	2016-10-13T17:56:25+05:30	km: build: remove dependency on user-mode builds
e6da838a5eae6b73fa9069b4b1df18d027a06b7b	396674e0f1f12193d3e1d3c1af4accc203907a07	2015-08-13T21:32:16+05:30	2015-08-13T22:05:37+05:30	km: Drop GEM reference after handle create
e77fc0fa56cdc6c614bacdc4f3657da6f5d374e8	97c49d302efd50d1e52bf55a25fe8ecf3e5476c3	2024-11-06T13:40:24-06:00	2024-11-06T13:40:24-06:00	kbuild: quote all parameters to submake
ea2ae0444f3643ea608f49eca2c880b8432ef62a	03e3a7dca1ae197e43f16a354c43fd9d64e8ec5b	2012-10-08T14:35:20-07:00	2016-02-11T14:27:15+05:30	SGX-KM: Add 'userspace' governor to sgxfreq
eaa9fcd3acff4195b3cb609d08ca658008c8cc90	62f31de3ceed156bff32abb3dd03693a02df117e	2019-09-09T17:05:48-04:00	2021-12-14T10:54:26+01:00	km: support OpenEmbedded hardfp toolchain w/o -gnueabihf suffix
eabfbabc80a6d435ad8d36347cdbf077113d7848	5d1da83d94dc896580cadf2f5aead391985304d0	2014-12-07T14:22:31+05:30	2014-12-08T15:49:55+05:30	Use omap_gem APIs for accessing private data
eafe8be202ec29dd1045139103eef4a536a3a3e8	2cb2c9609b7740cb2c348e669a96f26e1cc858da	2023-10-24T17:06:34-05:00	2023-10-24T17:06:34-05:00	omap: set dma and coherent masks to 32 bits
eb2a06ca205ce150edc819b5757f2ee8514e259f	e33760c18dbffa409d9da6a11e95083921b03af0	2014-01-14T22:12:14-06:00	2023-03-22T16:21:12-05:00	sgx-km: sgxfreq: Changes for 3.8 and later kernels
ebafbb34ad24cc10b4e402d1a2f2f8806343a3a8	8526d639399e06b6e80dfa2e3dcd208d4d528550	2016-02-04T19:12:40-05:00	2023-03-22T16:21:12-05:00	KM: Enhance OMAP-based platform code to support AM3/4/5 devices
ed90d575c29984e6536aa09698965a2d910f1037	9faebe4ebe49c4b21a61a714bb372d48647589e6	2022-08-27T10:22:58+02:00	2023-09-29T16:08:41-05:00	pvrsrv: 1.17: osfunc: use dma-direct unconditionally
eda7780bfd5277e16913c9bc0b0e6892b4e79063	eaa9fcd3acff4195b3cb609d08ca658008c8cc90	2021-10-27T10:34:32+01:00	2021-12-14T11:06:05+01:00	Fix driver config for 5.10 kernel
eec409d9fcd363f1f8217eb7898a96ff9024a05f	84d5273a35673705583c902b82865308b38b1d3e	2014-06-09T15:08:03+05:30	2014-06-13T17:50:20+05:30	K3.12: Disable the warning for missing prototypes
efc97ef15ba8314321308921063c2f7cdbdf9390	7a60eec0cba26df9fc9acfe075a3f8a48018c35c	2024-10-01T17:04:29-05:00	2024-10-01T17:04:29-05:00	linux: use PVR_DPF macro for messages
f099cf79aa0913c836785d0eef26eef7c3d2cf09	2582ef96e703158972dbfbd92571feb2eb689b00	2015-09-18T14:18:16-04:00	2015-09-18T14:18:16-04:00	KM: Remove the OCP_SYSCONFIG setting
f0c729c54ad45dc4b2d2c83317545a1ef9de1cc5	4ac887b09a0209de3d1f950e00ae184872822583	2015-12-07T13:57:33+05:30	2016-02-11T14:27:17+05:30	km: update device compatibility as per the latest device binding
f25fe33bd65c88bdaee45cc3b214290e4998f031	03991033fcad439901955d54de24368c216041f2	2016-02-15T13:57:08+05:30	2016-03-05T09:07:29+05:30	km: Coverity defect fix for RESOURCE_LEAK
f2d1adf51c933a4c8ab414bab84634df71efcb4a	b2ec2ea660097fa673d33df394479cb77cdb4134	2019-02-27T15:17:43-05:00	2023-03-22T16:21:12-05:00	km: enable k4.19 support
f32b645d4eea5f89a15132cb336b346dccd8f07e	a19b99beae63ed2a56e792f1b5e80437c22f8f89	2012-10-02T12:00:33-05:00	2023-03-22T16:21:12-05:00	gpu: thermal: adding cooling device for "case" management
f3adf9071cc4985beec89bae108082b75cead01d	958ac7ebd945bc1594cf27e32219ca0cc2a3ce29	2016-03-03T15:24:31+05:30	2016-03-28T18:58:16+05:30	km: Coverity defect fix for RESOURCE_LEAK in error handling
f4cbebe13a66cc6f4a9508412d43f1f97798c0cb	d120961614857db8a0c56e522c076d1417fdadb1	2020-02-05T09:56:46-05:00	2023-03-22T16:21:12-05:00	km: Add build targets for sgx530-121 and sgx540-120 devices
f555b9e1ae4b2baf68ac778ca41dc0c17e96f89a	3005cf8145a6720daa47e4e273f9e421ff77cb58	2025-01-16T14:04:51-06:00	2025-02-06T17:08:52-06:00	sgx: km: upgrade to support 6.12 kernel
f585cd4968756b4c4128fca903c2132e03f3c2da	77e4ee2ec1b9374a702206d27321aefb7d65e29e	2023-10-11T19:18:13-05:00	2023-10-11T19:18:56-05:00	omap_linux: Makefile: remove the legacy makefile
f7ae3f68dd6a05f67b15702b823ed15d2c03105d	85196abde383f0a032de3159981044753d8e64aa	2015-12-04T08:12:04-05:00	2015-12-04T08:44:41-05:00	km: fix use of freed gem object in UnwrapExtMemoryCallBack()
f8c7328fa3c4d5db4a5804e15b1e5a97d96121f9	b5ca247cfb9df9809cb4e77b266f70ca90a905f7	2015-08-06T22:48:20+05:30	2015-08-06T22:48:20+05:30	km: change drm_mmap to drm_gem_mmap
fd47e44b18944cf7ade480ac67a9c0172619ff7e	8d5305b03dce13f3a9a89328c69c762dcd3109a4	2017-01-25T14:26:22+05:30	2017-02-06T10:53:02+05:30	Revert "km: build: remove dependency on user-mode builds"
fed0756f1b8b9d526da2821635c7d742989d47c3	3d5e9c9074b25dc6567449ca0c11d9066b2db2dc	2016-01-26T13:34:58-05:00	2016-02-11T15:16:13+05:30	KM: Make kernel configuration variable SUPPORT_LISR_MISR_SYNC conditional
fff11fff5da2d89195053586e3ead105f3923ec5	dc9a1dbf1d5c55b5254ed7a18155a3cf97bbc8cb	2019-09-04T14:15:42-04:00	2023-03-22T16:21:12-05:00	build: Move target selection to top and use elseif logic
